seq,time_ms,state,accel_x_g,accel_y_g,accel_z_g,gyro_x_dps,gyro_y_dps,gyro_z_dps,pressure_hpa,altitude_m,batt_mv,gps_fix,lat_deg,lon_deg,crc16
0,0,PRELAUNCH,-0.005,0.010,0.989,0.032,1.073,0.026,1013.25,0.00,8400,0,34.000000,-81.000000,2061
1,100,PRELAUNCH,-0.001,0.017,1.010,0.009,1.135,0.033,1013.25,0.03,8400,0,34.000002,-81.000001,1792
2,200,PRELAUNCH,-0.002,0.011,1.000,0.136,1.139,-0.001,1013.24,0.06,8400,0,34.000003,-81.000002,140A
3,300,PRELAUNCH,0.002,0.026,0.989,0.183,1.104,0.079,1013.24,0.08,8399,0,34.000005,-81.000004,8468
4,400,PRELAUNCH,0.009,0.010,1.024,0.239,1.122,0.099,1013.24,0.11,8399,0,34.000006,-81.000005,913F
5,500,PRELAUNCH,0.016,0.018,0.980,0.241,1.055,0.148,1013.23,0.13,8398,0,34.000008,-81.000006,71BF
6,600,PRELAUNCH,0.003,0.008,1.020,0.343,1.078,0.108,1013.23,0.14,8398,0,34.000009,-81.000007,2FFB
7,700,PRELAUNCH,0.004,0.017,1.013,0.396,1.014,0.140,1013.23,0.15,8398,0,34.000011,-81.000008,7FBF
8,800,PRELAUNCH,0.002,0.025,1.012,0.370,1.090,0.127,1013.23,0.15,8397,0,34.000012,-81.000010,023D
9,900,PRELAUNCH,0.016,0.013,0.978,0.480,1.057,0.145,1013.23,0.15,8397,0,34.000014,-81.000011,1194
10,1000,PRELAUNCH,0.023,0.015,0.976,0.482,0.964,0.243,1013.23,0.14,8396,0,34.000015,-81.000012,8E02
11,1100,PRELAUNCH,0.013,0.008,0.976,0.572,0.965,0.204,1013.24,0.12,8396,0,34.000017,-81.000013,5479
12,1200,PRELAUNCH,0.016,0.008,1.008,0.616,0.959,0.283,1013.24,0.10,8396,0,34.000018,-81.000014,D1FF
13,1300,PRELAUNCH,0.017,0.016,0.981,0.648,0.998,0.304,1013.24,0.08,8395,0,34.000020,-81.000016,4B56
14,1400,PRELAUNCH,0.012,0.020,0.993,0.727,0.926,0.306,1013.24,0.05,8395,0,34.000021,-81.000017,3444
15,1500,PRELAUNCH,0.020,0.002,1.021,0.728,0.934,0.305,1013.25,0.02,8394,0,34.000023,-81.000018,90F8
16,1600,PRELAUNCH,0.018,0.002,1.025,0.765,0.894,0.324,1013.25,-0.01,8394,0,34.000024,-81.000019,D13F
17,1700,PRELAUNCH,0.025,0.012,1.015,0.849,0.819,0.301,1013.25,-0.04,8394,0,34.000025,-81.000020,B8D9
18,1800,PRELAUNCH,0.017,0.011,1.008,0.869,0.780,0.357,1013.26,-0.07,8393,0,34.000027,-81.000022,81EB
19,1900,PRELAUNCH,0.015,0.014,1.014,0.904,0.838,0.380,1013.26,-0.09,8393,0,34.000028,-81.000023,6DAE
20,2000,PRELAUNCH,0.025,0.004,0.989,1.013,0.743,0.398,1013.26,-0.11,8392,0,34.000030,-81.000024,0E98
21,2100,PRELAUNCH,0.019,0.010,1.011,1.052,0.691,0.416,1013.27,-0.13,8392,0,34.000031,-81.000025,56E2
22,2200,PRELAUNCH,0.022,0.002,1.012,1.020,0.745,0.416,1013.27,-0.14,8392,0,34.000033,-81.000026,B281
23,2300,PRELAUNCH,0.015,0.006,0.986,1.079,0.692,0.474,1013.27,-0.15,8391,0,34.000034,-81.000028,2E02
24,2400,PRELAUNCH,0.023,0.006,1.013,1.124,0.599,0.492,1013.27,-0.15,8391,0,34.000036,-81.000029,39F0
25,2500,PRELAUNCH,0.014,-0.000,0.980,1.119,0.592,0.455,1013.27,-0.14,8390,0,34.000037,-81.000030,E2A8
26,2600,PRELAUNCH,0.021,-0.009,1.005,1.155,0.530,0.472,1013.27,-0.13,8390,0,34.000039,-81.000031,2D96
27,2700,PRELAUNCH,0.022,-0.007,1.006,1.189,0.489,0.488,1013.26,-0.12,8390,0,34.000040,-81.000032,1245
28,2800,PRELAUNCH,0.022,-0.009,0.992,1.293,0.465,0.516,1013.26,-0.09,8389,0,34.000042,-81.000034,43DC
29,2900,PRELAUNCH,0.009,-0.011,0.994,1.239,0.461,0.510,1013.26,-0.07,8389,0,34.000043,-81.000035,BE2E
30,3000,PRELAUNCH,0.020,-0.009,0.977,1.271,0.389,0.497,1013.26,-0.04,8388,0,34.000045,-81.000036,D530
31,3100,PRELAUNCH,0.005,-0.000,0.979,1.359,0.350,0.555,1013.25,-0.01,8388,1,34.000047,-81.000037,BED7
32,3200,PRELAUNCH,0.003,-0.005,0.986,1.306,0.355,0.607,1013.25,0.02,8388,1,34.000048,-81.000038,B011
33,3300,PRELAUNCH,0.015,-0.015,1.003,1.351,0.311,0.594,1013.24,0.05,8387,1,34.000050,-81.000040,81A9
34,3400,PRELAUNCH,-0.001,-0.008,0.987,1.366,0.247,0.575,1013.24,0.07,8387,1,34.000051,-81.000041,2CA7
35,3500,PRELAUNCH,0.005,-0.014,1.015,1.437,0.148,0.573,1013.24,0.10,8386,1,34.000053,-81.000042,87B4
36,3600,PRELAUNCH,0.009,-0.004,0.987,1.406,0.124,0.606,1013.24,0.12,8386,1,34.000054,-81.000043,8455
37,3700,PRELAUNCH,0.009,-0.013,1.015,1.477,0.068,0.636,1013.23,0.13,8386,1,34.000056,-81.000044,91C7
38,3800,PRELAUNCH,0.009,-0.005,1.023,1.435,0.077,0.601,1013.23,0.15,8385,1,34.000057,-81.000046,1F06
39,3900,PRELAUNCH,0.003,-0.007,1.004,1.486,-0.031,0.626,1013.23,0.15,8385,1,34.000059,-81.000047,4853
40,4000,PRELAUNCH,-0.006,-0.020,1.011,1.515,-0.038,0.715,1013.23,0.15,8384,1,34.000060,-81.000048,5FA3
41,4100,PRELAUNCH,0.006,-0.014,0.979,1.524,-0.077,0.638,1013.23,0.14,8384,1,34.000062,-81.000049,3904
42,4200,PRELAUNCH,-0.006,-0.019,0.998,1.464,-0.078,0.706,1013.23,0.13,8384,1,34.000063,-81.000050,77AD
43,4300,PRELAUNCH,0.003,-0.014,1.006,1.535,-0.152,0.750,1013.24,0.11,8383,1,34.000065,-81.000052,4FA7
44,4400,PRELAUNCH,-0.017,-0.023,1.014,1.511,-0.227,0.693,1013.24,0.09,8383,1,34.000066,-81.000053,004D
45,4500,PRELAUNCH,-0.003,-0.020,0.990,1.541,-0.298,0.729,1013.24,0.06,8382,1,34.000068,-81.000054,5CBC
46,4600,PRELAUNCH,-0.006,-0.025,0.977,1.523,-0.305,0.706,1013.25,0.03,8382,1,34.000069,-81.000055,7DCF
47,4700,PRELAUNCH,-0.012,-0.016,1.017,1.534,-0.314,0.692,1013.25,0.00,8382,1,34.000070,-81.000056,B1FC
48,4800,PRELAUNCH,-0.009,-0.023,0.998,1.536,-0.414,0.719,1013.25,-0.03,8381,1,34.000072,-81.000058,7EB6
49,4900,PRELAUNCH,-0.018,-0.022,1.000,1.446,-0.404,0.788,1013.26,-0.05,8381,1,34.000073,-81.000059,CD6D
50,5000,PRELAUNCH,-0.025,-0.018,0.986,1.513,-0.438,0.776,1013.26,-0.08,8380,1,34.000075,-81.000060,8449
51,5100,PRELAUNCH,-0.010,-0.023,1.018,1.501,-0.486,0.775,1013.26,-0.10,8380,1,34.000076,-81.000061,0AD3
52,5200,PRELAUNCH,-0.013,-0.022,0.992,1.467,-0.561,0.722,1013.26,-0.12,8380,1,34.000078,-81.000062,CED8
53,5300,PRELAUNCH,-0.014,-0.027,1.001,1.446,-0.533,0.756,1013.27,-0.14,8379,1,34.000079,-81.000064,8181
54,5400,PRELAUNCH,-0.026,-0.009,0.994,1.397,-0.574,0.810,1013.27,-0.15,8379,1,34.000081,-81.000065,AE41
55,5500,PRELAUNCH,-0.023,-0.014,0.993,1.372,-0.696,0.819,1013.27,-0.15,8378,1,34.000082,-81.000066,7064
56,5600,PRELAUNCH,-0.018,-0.013,0.998,1.412,-0.684,0.779,1013.27,-0.15,8378,1,34.000084,-81.000067,C98A
57,5700,PRELAUNCH,-0.014,-0.026,1.014,1.404,-0.749,0.796,1013.27,-0.14,8378,1,34.000085,-81.000068,80A9
58,5800,PRELAUNCH,-0.014,-0.017,1.006,1.323,-0.707,0.834,1013.26,-0.12,8377,1,34.000087,-81.000070,6A7B
59,5900,PRELAUNCH,-0.021,-0.013,1.005,1.273,-0.800,0.834,1013.26,-0.10,8377,1,34.000088,-81.000071,41BF
60,6000,PRELAUNCH,-0.013,-0.011,1.006,1.315,-0.802,0.805,1013.26,-0.08,8376,1,34.000090,-81.000072,6E9A
61,6100,PRELAUNCH,-0.027,-0.022,1.019,1.218,-0.813,0.767,1013.26,-0.05,8376,1,34.000092,-81.000073,E3FA
62,6200,PRELAUNCH,-0.011,-0.022,0.978,1.206,-0.905,0.799,1013.25,-0.02,8376,1,34.000093,-81.000074,D40D
63,6300,PRELAUNCH,-0.012,-0.017,0.984,1.208,-0.870,0.775,1013.25,0.01,8375,1,34.000095,-81.000076,D8E1
64,6400,PRELAUNCH,-0.026,-0.021,0.985,1.205,-0.927,0.805,1013.25,0.03,8375,1,34.000096,-81.000077,6191
65,6500,PRELAUNCH,-0.024,-0.004,0.996,1.180,-0.938,0.835,1013.24,0.06,8374,1,34.000098,-81.000078,6EB9
66,6600,PRELAUNCH,-0.018,-0.008,0.990,1.075,-0.920,0.837,1013.24,0.09,8374,1,34.000099,-81.000079,7F7F
67,6700,PRELAUNCH,-0.026,-0.019,0.994,1.062,-0.937,0.786,1013.24,0.11,8374,1,34.000101,-81.000080,5808
68,6800,PRELAUNCH,-0.019,-0.007,0.982,1.045,-0.977,0.744,1013.23,0.13,8373,1,34.000102,-81.000082,4309
69,6900,PRELAUNCH,-0.019,-0.015,1.024,0.981,-0.976,0.790,1013.23,0.14,8373,1,34.000104,-81.000083,68D2
70,7000,PRELAUNCH,-0.016,-0.004,0.985,0.981,-0.989,0.783,1013.23,0.15,8372,1,34.000105,-81.000084,B5E3
71,7100,PRELAUNCH,-0.017,-0.009,0.975,0.919,-1.032,0.792,1013.23,0.15,8372,1,34.000107,-81.000085,F708
72,7200,PRELAUNCH,-0.007,-0.005,0.987,0.836,-1.019,0.735,1013.23,0.14,8372,1,34.000108,-81.000086,9D32
73,7300,PRELAUNCH,-0.016,-0.002,0.987,0.822,-1.108,0.745,1013.23,0.13,8371,1,34.000110,-81.000088,DCC3
74,7400,PRELAUNCH,-0.017,-0.015,0.985,0.795,-1.126,0.738,1013.24,0.12,8371,1,34.000111,-81.000089,7E26
75,7500,PRELAUNCH,-0.010,-0.013,1.014,0.788,-1.065,0.750,1013.24,0.10,8370,1,34.000113,-81.000090,1F5A
76,7600,PRELAUNCH,-0.004,0.007,0.984,0.669,-1.135,0.797,1013.24,0.07,8370,1,34.000114,-81.000091,F26F
77,7700,PRELAUNCH,-0.006,-0.009,0.989,0.624,-1.145,0.744,1013.24,0.05,8370,1,34.000115,-81.000092,391B
78,7800,PRELAUNCH,-0.010,0.004,0.982,0.614,-1.071,0.783,1013.25,0.02,8369,1,34.000117,-81.000094,F4CB
79,7900,PRELAUNCH,-0.003,-0.007,1.008,0.511,-1.056,0.718,1013.25,-0.01,8369,1,34.000118,-81.000095,252B
80,8000,PRELAUNCH,-0.003,-0.003,1.022,0.457,-1.053,0.752,1013.26,-0.04,8368,1,34.000120,-81.000096,5C50
81,8100,PRELAUNCH,-0.005,0.007,1.015,0.423,-1.099,0.712,1013.26,-0.07,8368,1,34.000121,-81.000097,6F86
82,8200,PRELAUNCH,0.013,0.011,1.007,0.363,-1.051,0.670,1013.26,-0.10,8368,1,34.000123,-81.000098,5A8F
83,8300,PRELAUNCH,0.013,0.012,1.014,0.384,-1.058,0.651,1013.26,-0.12,8367,1,34.000124,-81.000100,9408
84,8400,PRELAUNCH,0.009,0.008,0.985,0.310,-1.096,0.701,1013.27,-0.13,8367,1,34.000126,-81.000101,006B
85,8500,PRELAUNCH,0.002,0.010,1.004,0.253,-1.055,0.692,1013.27,-0.14,8366,1,34.000127,-81.000102,4522
86,8600,PRELAUNCH,0.010,0.001,1.000,0.168,-1.093,0.647,1013.27,-0.15,8366,1,34.000129,-81.000103,4708
87,8700,PRELAUNCH,0.012,-0.001,1.007,0.102,-1.057,0.611,1013.27,-0.15,8366,1,34.000130,-81.000104,0D37
88,8800,PRELAUNCH,0.004,0.010,1.010,0.064,-1.011,0.692,1013.27,-0.14,8365,1,34.000132,-81.000106,13B4
89,8900,PRELAUNCH,0.023,0.015,0.979,0.085,-1.038,0.636,1013.27,-0.13,8365,1,34.000133,-81.000107,6602
90,9000,PRELAUNCH,0.011,0.021,1.009,-0.017,-0.974,0.634,1013.26,-0.11,8364,1,34.000135,-81.000108,5A71
91,9100,PRELAUNCH,0.024,0.012,0.991,-0.062,-1.016,0.633,1013.26,-0.09,8364,1,34.000137,-81.000109,2AD6
92,9200,PRELAUNCH,0.010,0.015,1.009,-0.127,-0.993,0.627,1013.26,-0.07,8364,1,34.000138,-81.000110,7B71
93,9300,PRELAUNCH,0.015,0.017,1.024,-0.142,-0.894,0.607,1013.25,-0.04,8363,1,34.000140,-81.000112,49BF
94,9400,PRELAUNCH,0.025,0.021,0.992,-0.252,-0.910,0.537,1013.25,-0.01,8363,1,34.000141,-81.000113,734F
95,9500,PRELAUNCH,0.019,0.006,1.017,-0.237,-0.884,0.562,1013.25,0.02,8362,1,34.000143,-81.000114,08FF
96,9600,PRELAUNCH,0.015,0.025,1.003,-0.369,-0.826,0.501,1013.24,0.05,8362,1,34.000144,-81.000115,5E56
97,9700,PRELAUNCH,0.015,0.015,0.993,-0.387,-0.774,0.536,1013.24,0.08,8362,1,34.000146,-81.000116,5C63
98,9800,PRELAUNCH,0.018,0.010,0.990,-0.401,-0.780,0.504,1013.24,0.10,8361,1,34.000147,-81.000118,F199
99,9900,PRELAUNCH,0.028,0.025,0.984,-0.453,-0.797,0.513,1013.24,0.12,8361,1,34.000149,-81.000119,A88B
100,10000,ASCENT,0.014,0.009,1.318,-0.561,-0.691,0.467,1013.25,0.00,8360,1,34.000150,-81.000120,0B63
101,10100,ASCENT,0.019,0.024,1.338,-0.607,-0.723,0.470,1013.25,0.02,8360,1,34.000152,-81.000121,72B0
102,10200,ASCENT,0.014,0.011,1.336,-0.662,-0.684,0.418,1013.24,0.10,8360,1,34.000153,-81.000122,6F42
103,10300,ASCENT,0.010,0.013,1.331,-0.687,-0.612,0.432,1013.22,0.22,8359,1,34.000155,-81.000124,B19F
104,10400,ASCENT,0.019,0.011,1.312,-0.731,-0.595,0.460,1013.20,0.40,8359,1,34.000156,-81.000125,1A6E
105,10500,ASCENT,0.024,0.018,1.313,-0.784,-0.548,0.432,1013.18,0.62,8358,1,34.000158,-81.000126,C487
106,10600,ASCENT,0.019,0.009,1.340,-0.856,-0.469,0.404,1013.14,0.88,8358,1,34.000159,-81.000127,9EAD
107,10700,ASCENT,0.009,0.027,1.352,-0.855,-0.464,0.408,1013.11,1.20,8358,1,34.000160,-81.000128,8380
108,10800,ASCENT,0.016,0.008,1.360,-0.905,-0.375,0.391,1013.06,1.56,8357,1,34.000162,-81.000130,F633
109,10900,ASCENT,0.018,0.012,1.357,-0.934,-0.359,0.368,1013.01,1.97,8357,1,34.000163,-81.000131,FFA1
110,11000,ASCENT,0.012,0.007,1.334,-0.991,-0.384,0.330,1012.96,2.43,8356,1,34.000165,-81.000132,22C3
111,11100,ASCENT,0.017,0.020,1.318,-0.989,-0.276,0.333,1012.90,2.93,8356,1,34.000166,-81.000133,F9B6
112,11200,ASCENT,0.017,0.015,1.316,-1.063,-0.277,0.300,1012.83,3.48,8356,1,34.000168,-81.000134,1EAE
113,11300,ASCENT,0.014,0.007,1.328,-1.135,-0.260,0.276,1012.76,4.07,8355,1,34.000169,-81.000136,DCC3
114,11400,ASCENT,0.014,0.010,1.317,-1.162,-0.125,0.249,1012.68,4.71,8355,1,34.000171,-81.000137,8548
115,11500,ASCENT,-0.001,0.014,1.321,-1.182,-0.143,0.201,1012.60,5.39,8354,1,34.000172,-81.000138,BE3B
116,11600,ASCENT,-0.002,0.007,1.341,-1.179,-0.098,0.177,1012.52,6.12,8354,1,34.000174,-81.000139,E6D1
117,11700,ASCENT,-0.005,0.012,1.317,-1.258,-0.024,0.217,1012.42,6.89,8354,1,34.000175,-81.000140,3C5C
118,11800,ASCENT,-0.005,0.005,1.337,-1.261,-0.029,0.143,1012.33,7.70,8353,1,34.000177,-81.000142,BB51
119,11900,ASCENT,0.001,0.022,1.350,-1.308,0.014,0.092,1012.22,8.55,8353,1,34.000178,-81.000143,4D65
120,12000,ASCENT,-0.011,0.008,1.307,-1.318,0.085,0.101,1012.12,9.45,8352,1,34.000180,-81.000144,4306
121,12100,ASCENT,-0.005,0.016,1.331,-1.303,0.133,0.113,1012.00,10.39,8352,1,34.000181,-81.000145,2BCD
122,12200,ASCENT,-0.010,0.012,1.318,-1.331,0.186,0.047,1011.88,11.37,8352,1,34.000183,-81.000146,85F0
123,12300,ASCENT,-0.000,0.010,1.308,-1.369,0.183,0.052,1011.76,12.39,8351,1,34.000185,-81.000148,9057
124,12400,ASCENT,-0.016,0.004,1.333,-1.441,0.292,-0.015,1011.63,13.46,8351,1,34.000186,-81.000149,17A0
125,12500,ASCENT,-0.002,0.011,1.323,-1.432,0.266,0.047,1011.50,14.56,8350,1,34.000188,-81.000150,763B
126,12600,ASCENT,-0.014,0.000,1.330,-1.403,0.379,0.042,1011.37,15.70,8350,1,34.000189,-81.000151,8080
127,12700,ASCENT,-0.019,-0.002,1.309,-1.469,0.424,0.007,1011.22,16.89,8350,1,34.000191,-81.000152,D39B
128,12800,ASCENT,-0.013,0.008,1.317,-1.412,0.454,-0.088,1011.08,18.11,8349,1,34.000192,-81.000154,3E7A
129,12900,ASCENT,-0.008,0.009,1.270,-1.466,0.440,-0.074,1010.93,19.37,8349,1,34.000194,-81.000155,18B2
130,13000,ASCENT,-0.016,0.007,1.269,-1.464,0.564,-0.061,1010.77,20.67,8348,1,34.000195,-81.000156,1C2B
131,13100,ASCENT,-0.009,0.006,1.257,-1.479,0.571,-0.073,1010.61,22.00,8348,1,34.000197,-81.000157,5220
132,13200,ASCENT,-0.024,-0.011,1.276,-1.503,0.634,-0.094,1010.45,23.38,8348,1,34.000198,-81.000158,FDF5
133,13300,ASCENT,-0.021,0.002,1.281,-1.522,0.657,-0.129,1010.28,24.79,8347,1,34.000200,-81.000160,EA6D
134,13400,ASCENT,-0.026,-0.006,1.258,-1.506,0.712,-0.139,1010.10,26.24,8347,1,34.000201,-81.000161,81FD
135,13500,ASCENT,-0.021,-0.007,1.271,-1.541,0.720,-0.226,1009.92,27.72,8346,1,34.000203,-81.000162,4850
136,13600,ASCENT,-0.012,0.004,1.238,-1.463,0.763,-0.176,1009.74,29.24,8346,1,34.000204,-81.000163,E036
137,13700,ASCENT,-0.010,-0.004,1.267,-1.509,0.790,-0.253,1009.56,30.80,8346,1,34.000205,-81.000164,9C9F
138,13800,ASCENT,-0.027,-0.009,1.217,-1.474,0.835,-0.275,1009.37,32.39,8345,1,34.000207,-81.000166,FE38
139,13900,ASCENT,-0.027,-0.013,1.258,-1.502,0.805,-0.294,1009.17,34.02,8345,1,34.000208,-81.000167,2A41
140,14000,ASCENT,-0.024,-0.005,1.254,-1.454,0.858,-0.272,1008.97,35.68,8344,1,34.000210,-81.000168,2330
141,14100,ASCENT,-0.015,-0.005,1.216,-1.426,0.891,-0.293,1008.77,37.37,8344,1,34.000211,-81.000169,63E2
142,14200,ASCENT,-0.025,-0.003,1.235,-1.481,0.913,-0.325,1008.56,39.10,8344,1,34.000213,-81.000170,D74D
143,14300,ASCENT,-0.020,-0.019,1.201,-1.482,0.907,-0.359,1008.35,40.86,8343,1,34.000214,-81.000172,2D94
144,14400,ASCENT,-0.024,-0.008,1.204,-1.394,0.926,-0.317,1008.14,42.65,8343,1,34.000216,-81.000173,D0C4
145,14500,ASCENT,-0.011,-0.006,1.199,-1.418,0.970,-0.335,1007.92,44.48,8342,1,34.000217,-81.000174,8554
146,14600,ASCENT,-0.014,-0.024,1.216,-1.391,1.001,-0.372,1007.70,46.34,8342,1,34.000219,-81.000175,C509
147,14700,ASCENT,-0.014,-0.024,1.190,-1.360,1.062,-0.363,1007.47,48.23,8342,1,34.000220,-81.000176,08A4
148,14800,ASCENT,-0.017,-0.013,1.189,-1.331,1.057,-0.407,1007.24,50.15,8341,1,34.000222,-81.000178,6685
149,14900,ASCENT,-0.013,-0.021,1.174,-1.347,1.087,-0.443,1007.01,52.10,8341,1,34.000223,-81.000179,2680
150,15000,ASCENT,-0.019,-0.008,1.213,-1.333,1.035,-0.448,1006.77,54.08,8340,1,34.000225,-81.000180,B65D
151,15100,ASCENT,-0.009,-0.013,1.173,-1.272,1.101,-0.508,1006.53,56.09,8340,1,34.000226,-81.000181,D96C
152,15200,ASCENT,-0.015,-0.011,1.202,-1.214,1.047,-0.451,1006.29,58.13,8340,1,34.000228,-81.000182,6BD9
153,15300,ASCENT,-0.015,-0.015,1.179,-1.166,1.124,-0.525,1006.04,60.20,8339,1,34.000230,-81.000184,B734
154,15400,ASCENT,0.002,-0.014,1.168,-1.163,1.091,-0.561,1005.79,62.30,8339,1,34.000231,-81.000185,4391
155,15500,ASCENT,-0.002,-0.010,1.156,-1.098,1.141,-0.492,1005.53,64.43,8338,1,34.000233,-81.000186,8950
156,15600,ASCENT,-0.009,-0.018,1.169,-1.055,1.074,-0.537,1005.28,66.59,8338,1,34.000234,-81.000187,AA99
157,15700,ASCENT,-0.001,-0.019,1.160,-1.080,1.082,-0.576,1005.02,68.77,8338,1,34.000236,-81.000188,2855
158,15800,ASCENT,-0.004,-0.014,1.187,-1.011,1.102,-0.554,1004.75,70.98,8337,1,34.000237,-81.000190,732B
159,15900,ASCENT,0.004,-0.012,1.160,-0.967,1.088,-0.547,1004.49,73.22,8337,1,34.000239,-81.000191,436C
160,16000,ASCENT,0.015,-0.023,1.161,-0.968,1.099,-0.617,1004.22,75.48,8336,1,34.000240,-81.000192,215C
161,16100,ASCENT,0.013,-0.020,1.176,-0.926,1.076,-0.653,1003.94,77.77,8336,1,34.000242,-81.000193,085D
162,16200,ASCENT,0.007,-0.009,1.200,-0.882,1.086,-0.665,1003.67,80.08,8336,1,34.000243,-81.000194,3D7F
163,16300,ASCENT,0.007,-0.010,1.194,-0.812,1.050,-0.688,1003.39,82.42,8335,1,34.000245,-81.000196,ACDF
164,16400,ASCENT,0.002,-0.023,1.181,-0.756,1.009,-0.699,1003.11,84.79,8335,1,34.000246,-81.000197,0C1B
165,16500,ASCENT,0.011,-0.007,1.216,-0.692,1.004,-0.638,1002.82,87.18,8334,1,34.000248,-81.000198,C78F
166,16600,ASCENT,0.016,-0.016,1.183,-0.716,1.012,-0.706,1002.54,89.59,8334,1,34.000249,-81.000199,FEE7
167,16700,ASCENT,0.010,-0.023,1.189,-0.655,1.018,-0.729,1002.25,92.03,8334,1,34.000250,-81.000200,16AF
168,16800,ASCENT,0.024,-0.005,1.182,-0.607,1.008,-0.660,1001.95,94.49,8333,1,34.000252,-81.000202,F580
169,16900,ASCENT,0.024,-0.014,1.230,-0.552,0.998,-0.730,1001.66,96.97,8333,1,34.000253,-81.000203,60D4
170,17000,ASCENT,0.026,-0.012,1.197,-0.462,0.913,-0.760,1001.36,99.47,8332,1,34.000255,-81.000204,91BC
171,17100,ASCENT,0.018,-0.008,1.198,-0.441,0.945,-0.714,1001.06,102.00,8332,1,34.000256,-81.000205,807F
172,17200,ASCENT,0.015,-0.018,1.244,-0.405,0.902,-0.763,1000.76,104.55,8332,1,34.000258,-81.000206,694D
173,17300,ASCENT,0.021,-0.006,1.221,-0.291,0.932,-0.703,1000.45,107.12,8331,1,34.000259,-81.000208,3F78
174,17400,ASCENT,0.014,-0.006,1.214,-0.275,0.907,-0.716,1000.14,109.71,8331,1,34.000261,-81.000209,9F37
175,17500,ASCENT,0.021,-0.004,1.216,-0.234,0.790,-0.757,999.83,112.32,8330,1,34.000262,-81.000210,733B
176,17600,ASCENT,0.017,-0.005,1.259,-0.196,0.774,-0.738,999.52,114.95,8330,1,34.000264,-81.000211,3488
177,17700,ASCENT,0.012,-0.010,1.243,-0.161,0.791,-0.815,999.20,117.60,8330,1,34.000265,-81.000212,0935
178,17800,ASCENT,0.013,-0.014,1.271,-0.042,0.762,-0.770,998.89,120.27,8329,1,34.000267,-81.000214,52A0
179,17900,ASCENT,0.014,-0.012,1.236,0.002,0.742,-0.734,998.57,122.96,8329,1,34.000268,-81.000215,19AD
180,18000,ASCENT,0.028,-0.001,1.287,0.001,0.696,-0.744,998.25,125.67,8328,1,34.000270,-81.000216,F22A
181,18100,ASCENT,0.024,-0.012,1.290,0.037,0.605,-0.798,997.92,128.39,8328,1,34.000271,-81.000217,DFB9
182,18200,ASCENT,0.020,-0.009,1.272,0.156,0.615,-0.788,997.60,131.13,8328,1,34.000273,-81.000218,4810
183,18300,ASCENT,0.010,0.009,1.279,0.137,0.591,-0.752,997.27,133.89,8327,1,34.000275,-81.000220,E290
184,18400,ASCENT,0.017,-0.000,1.267,0.250,0.558,-0.835,996.94,136.67,8327,1,34.000276,-81.000221,0BB9
185,18500,ASCENT,0.013,-0.002,1.314,0.269,0.451,-0.838,996.61,139.46,8326,1,34.000278,-81.000222,7A08
186,18600,ASCENT,0.022,0.000,1.273,0.370,0.472,-0.757,996.28,142.27,8326,1,34.000279,-81.000223,5BE7
187,18700,ASCENT,0.008,-0.003,1.285,0.373,0.385,-0.819,995.94,145.09,8326,1,34.000281,-81.000224,F15E
188,18800,ASCENT,0.003,0.005,1.304,0.484,0.392,-0.776,995.61,147.93,8325,1,34.000282,-81.000226,CB6D
189,18900,ASCENT,0.017,0.015,1.322,0.486,0.320,-0.814,995.27,150.79,8325,1,34.000284,-81.000227,DC4E
190,19000,ASCENT,0.004,0.009,1.303,0.548,0.254,-0.758,994.93,153.65,8324,1,34.000285,-81.000228,FE22
191,19100,ASCENT,0.011,0.011,1.338,0.546,0.252,-0.795,994.59,156.54,8324,1,34.000287,-81.000229,A9CC
192,19200,ASCENT,0.008,0.005,1.328,0.639,0.183,-0.843,994.25,159.43,8324,1,34.000288,-81.000230,3DEC
193,19300,ASCENT,0.004,0.009,1.307,0.726,0.149,-0.785,993.90,162.34,8323,1,34.000290,-81.000232,8884
194,19400,ASCENT,0.008,0.016,1.318,0.679,0.127,-0.781,993.56,165.26,8323,1,34.000291,-81.000233,8675
195,19500,ASCENT,0.005,0.018,1.350,0.807,0.029,-0.836,993.21,168.20,8322,1,34.000293,-81.000234,8AAC
196,19600,ASCENT,0.010,0.007,1.356,0.819,-0.002,-0.754,992.86,171.14,8322,1,34.000294,-81.000235,7FC4
197,19700,ASCENT,-0.007,0.007,1.345,0.851,-0.036,-0.771,992.51,174.10,8322,1,34.000296,-81.000236,21CD
198,19800,ASCENT,-0.002,0.009,1.356,0.880,-0.065,-0.815,992.16,177.07,8321,1,34.000297,-81.000238,56FF
199,19900,ASCENT,-0.006,0.024,1.342,0.991,-0.069,-0.807,991.81,180.05,8321,1,34.000298,-81.000239,8ED7
200,20000,ASCENT,-0.004,0.022,1.339,1.014,-0.183,-0.728,991.46,183.04,8320,1,34.000300,-81.000240,57F4
201,20100,ASCENT,-0.006,0.020,1.324,1.006,-0.155,-0.796,991.10,186.04,8320,1,34.000301,-81.000241,D5AC
202,20200,ASCENT,-0.018,0.014,1.362,1.079,-0.291,-0.776,990.75,189.05,8320,1,34.000303,-81.000242,68FA
203,20300,ASCENT,-0.006,0.012,1.326,1.116,-0.267,-0.756,990.39,192.07,8319,1,34.000304,-81.000244,C75D
204,20400,ASCENT,-0.017,0.012,1.333,1.168,-0.335,-0.772,990.03,195.10,8319,1,34.000306,-81.000245,B759
205,20500,ASCENT,-0.012,0.011,1.337,1.154,-0.384,-0.718,989.68,198.13,8318,1,34.000307,-81.000246,DF7A
206,20600,ASCENT,-0.009,0.012,1.328,1.208,-0.430,-0.741,989.32,201.18,8318,1,34.000309,-81.000247,0E21
207,20700,ASCENT,-0.019,0.019,1.333,1.209,-0.409,-0.732,988.96,204.23,8318,1,34.000310,-81.000248,5F46
208,20800,ASCENT,-0.014,0.014,1.346,1.307,-0.515,-0.698,988.60,207.29,8317,1,34.000312,-81.000250,B5A2
209,20900,ASCENT,-0.021,0.019,1.312,1.289,-0.545,-0.676,988.24,210.35,8317,1,34.000313,-81.000251,A22A
210,21000,ASCENT,-0.023,0.024,1.317,1.287,-0.548,-0.694,987.88,213.42,8316,1,34.000315,-81.000252,97C9
211,21100,ASCENT,-0.024,0.009,1.330,1.363,-0.560,-0.712,987.51,216.50,8316,1,34.000316,-81.000253,20AF
212,21200,ASCENT,-0.022,0.012,1.314,1.411,-0.612,-0.680,987.15,219.59,8316,1,34.000318,-81.000254,BBB1
213,21300,ASCENT,-0.023,0.009,1.333,1.361,-0.717,-0.632,986.79,222.68,8315,1,34.000320,-81.000256,FCD6
214,21400,ASCENT,-0.029,0.012,1.290,1.361,-0.688,-0.645,986.42,225.77,8315,1,34.000321,-81.000257,6955
215,21500,ASCENT,-0.015,0.018,1.285,1.447,-0.741,-0.612,986.06,228.87,8314,1,34.000323,-81.000258,8299
216,21600,ASCENT,-0.010,0.017,1.316,1.447,-0.825,-0.574,985.70,231.97,8314,1,34.000324,-81.000259,4622
217,21700,ASCENT,-0.021,0.011,1.322,1.432,-0.839,-0.603,985.33,235.07,8314,1,34.000326,-81.000260,9861
218,21800,ASCENT,-0.013,0.007,1.318,1.510,-0.852,-0.627,984.97,238.18,8313,1,34.000327,-81.000262,B740
219,21900,ASCENT,-0.024,0.019,1.297,1.454,-0.880,-0.608,984.60,241.29,8313,1,34.000329,-81.000263,7EFD
220,22000,ASCENT,-0.018,0.012,1.278,1.448,-0.909,-0.520,984.24,244.41,8312,1,34.000330,-81.000264,E288
221,22100,ASCENT,-0.017,0.022,1.268,1.528,-0.890,-0.572,983.87,247.52,8312,1,34.000332,-81.000265,1A0D
222,22200,ASCENT,-0.025,0.009,1.288,1.524,-0.914,-0.583,983.50,250.64,8312,1,34.000333,-81.000266,DCF9
223,22300,ASCENT,-0.017,0.007,1.275,1.502,-0.984,-0.568,983.14,253.76,8311,1,34.000335,-81.000268,8117
224,22400,ASCENT,-0.009,0.006,1.276,1.462,-1.032,-0.549,982.77,256.88,8311,1,34.000336,-81.000269,271C
225,22500,ASCENT,-0.006,0.005,1.253,1.529,-1.035,-0.483,982.41,260.00,8310,1,34.000338,-81.000270,01BF
226,22600,ASCENT,-0.012,0.014,1.236,1.506,-1.057,-0.492,982.04,263.12,8310,1,34.000339,-81.000271,7F24
227,22700,ASCENT,-0.012,0.003,1.256,1.448,-1.034,-0.493,981.68,266.24,8310,1,34.000341,-81.000272,7FF9
228,22800,ASCENT,-0.019,0.014,1.229,1.538,-1.099,-0.464,981.31,269.36,8309,1,34.000342,-81.000274,DE6A
229,22900,ASCENT,-0.003,-0.003,1.252,1.528,-1.097,-0.413,980.95,272.48,8309,1,34.000343,-81.000275,58E4
230,23000,ASCENT,-0.010,0.012,1.227,1.430,-1.083,-0.410,980.58,275.59,8308,1,34.000345,-81.000276,19DE
231,23100,ASCENT,-0.011,0.000,1.218,1.481,-1.091,-0.364,980.22,278.71,8308,1,34.000346,-81.000277,FCB2
232,23200,ASCENT,-0.010,-0.006,1.229,1.470,-1.047,-0.348,979.85,281.82,8308,1,34.000348,-81.000278,2B61
233,23300,ASCENT,-0.013,-0.006,1.210,1.451,-1.064,-0.325,979.49,284.93,8307,1,34.000349,-81.000280,39F2
234,23400,ASCENT,-0.005,-0.005,1.191,1.384,-1.120,-0.337,979.13,288.03,8307,1,34.000351,-81.000281,7FBC
235,23500,ASCENT,0.007,0.010,1.202,1.430,-1.062,-0.286,978.77,291.13,8306,1,34.000352,-81.000282,3D13
236,23600,ASCENT,-0.006,-0.001,1.204,1.352,-1.098,-0.341,978.40,294.23,8306,1,34.000354,-81.000283,5F97
237,23700,ASCENT,-0.006,-0.010,1.179,1.351,-1.073,-0.233,978.04,297.32,8306,1,34.000355,-81.000284,1558
238,23800,ASCENT,0.008,-0.012,1.202,1.319,-1.105,-0.231,977.68,300.41,8305,1,34.000357,-81.000286,8800
239,23900,ASCENT,-0.002,0.000,1.196,1.290,-1.119,-0.222,977.32,303.50,8305,1,34.000358,-81.000287,C3F5
240,24000,ASCENT,0.001,-0.000,1.208,1.307,-1.033,-0.177,976.96,306.58,8304,1,34.000360,-81.000288,9DA8
241,24100,ASCENT,0.017,-0.009,1.187,1.229,-1.066,-0.233,976.61,309.65,8304,1,34.000361,-81.000289,0546
242,24200,ASCENT,0.014,-0.014,1.164,1.193,-1.047,-0.235,976.25,312.71,8304,1,34.000363,-81.000290,D3EE
243,24300,ASCENT,0.018,0.001,1.192,1.182,-1.024,-0.122,975.89,315.77,8303,1,34.000365,-81.000292,D275
244,24400,ASCENT,0.006,-0.004,1.193,1.167,-1.085,-0.127,975.54,318.82,8303,1,34.000366,-81.000293,3CED
245,24500,ASCENT,0.019,-0.004,1.171,1.097,-1.008,-0.168,975.18,321.87,8302,1,34.000368,-81.000294,6A20
246,24600,ASCENT,0.012,-0.002,1.179,1.124,-1.034,-0.132,974.83,324.90,8302,1,34.000369,-81.000295,ED02
247,24700,ASCENT,0.019,-0.008,1.159,1.022,-1.012,-0.118,974.48,327.93,8302,1,34.000371,-81.000296,5A54
248,24800,ASCENT,0.011,-0.010,1.201,1.036,-0.965,-0.049,974.12,330.95,8301,1,34.000372,-81.000298,B858
249,24900,ASCENT,0.009,-0.004,1.163,0.953,-0.953,-0.067,973.77,333.96,8301,1,34.000374,-81.000299,7298
250,25000,ASCENT,0.017,-0.011,1.201,0.891,-0.906,-0.027,973.43,336.96,8300,1,34.000375,-81.000300,278D
251,25100,ASCENT,0.013,-0.019,1.197,0.856,-0.948,-0.049,973.08,339.95,8300,1,34.000377,-81.000301,8BA5
252,25200,ASCENT,0.022,-0.012,1.187,0.820,-0.914,0.026,972.73,342.93,8300,1,34.000378,-81.000302,9B4B
253,25300,ASCENT,0.026,-0.006,1.178,0.849,-0.834,-0.016,972.39,345.90,8299,1,34.000380,-81.000304,8373
254,25400,ASCENT,0.026,-0.008,1.174,0.741,-0.812,0.094,972.04,348.86,8299,1,34.000381,-81.000305,B519
255,25500,ASCENT,0.018,-0.016,1.168,0.748,-0.798,0.116,971.70,351.80,8298,1,34.000383,-81.000306,CF7F
256,25600,ASCENT,0.026,-0.020,1.176,0.675,-0.783,0.053,971.36,354.74,8298,1,34.000384,-81.000307,CE3E
257,25700,ASCENT,0.021,-0.016,1.182,0.617,-0.701,0.065,971.02,357.66,8298,1,34.000386,-81.000308,80F9
258,25800,ASCENT,0.027,-0.016,1.198,0.552,-0.682,0.103,970.68,360.57,8297,1,34.000387,-81.000310,AF93
259,25900,ASCENT,0.015,-0.015,1.221,0.522,-0.627,0.164,970.35,363.46,8297,1,34.000388,-81.000311,7C0E
260,26000,ASCENT,0.014,-0.018,1.222,0.474,-0.638,0.161,970.01,366.35,8296,1,34.000390,-81.000312,D234
261,26100,ASCENT,0.010,-0.021,1.201,0.425,-0.542,0.234,969.68,369.21,8296,1,34.000391,-81.000313,A738
262,26200,ASCENT,0.025,-0.022,1.208,0.362,-0.500,0.218,969.35,372.07,8296,1,34.000393,-81.000314,D248
263,26300,ASCENT,0.023,-0.020,1.212,0.330,-0.500,0.196,969.02,374.91,8295,1,34.000394,-81.000316,C944
264,26400,ASCENT,0.011,-0.027,1.244,0.315,-0.441,0.233,968.69,377.73,8295,1,34.000396,-81.000317,3A8B
265,26500,ASCENT,0.021,-0.019,1.241,0.259,-0.464,0.255,968.37,380.54,8294,1,34.000397,-81.000318,E893
266,26600,ASCENT,0.012,-0.022,1.262,0.206,-0.354,0.238,968.05,383.33,8294,1,34.000399,-81.000319,4E5A
267,26700,ASCENT,0.016,-0.023,1.235,0.117,-0.330,0.300,967.72,386.11,8294,1,34.000400,-81.000320,A836
268,26800,ASCENT,0.020,-0.018,1.247,0.062,-0.309,0.354,967.41,388.87,8293,1,34.000402,-81.000322,8F30
269,26900,ASCENT,0.008,-0.015,1.277,-0.021,-0.255,0.361,967.09,391.61,8293,1,34.000403,-81.000323,7D35
270,27000,ASCENT,0.013,-0.019,1.264,-0.017,-0.173,0.319,966.77,394.33,8292,1,34.000405,-81.000324,43B0
271,27100,ASCENT,0.015,-0.014,1.278,-0.115,-0.145,0.423,966.46,397.04,8292,1,34.000406,-81.000325,0B43
272,27200,ASCENT,-0.005,-0.020,1.262,-0.124,-0.148,0.389,966.15,399.73,8292,1,34.000408,-81.000326,A8C7
273,27300,ASCENT,0.007,-0.007,1.299,-0.243,-0.045,0.432,965.84,402.40,8291,1,34.000410,-81.000328,6A59
274,27400,ASCENT,0.006,-0.017,1.296,-0.262,-0.087,0.402,965.53,405.05,8291,1,34.000411,-81.000329,1C9F
275,27500,ASCENT,0.005,-0.010,1.313,-0.295,0.031,0.489,965.23,407.68,8290,1,34.000413,-81.000330,3F1D
276,27600,ASCENT,-0.002,-0.017,1.290,-0.345,0.084,0.493,964.93,410.29,8290,1,34.000414,-81.000331,9757
277,27700,ASCENT,0.005,-0.010,1.325,-0.358,0.099,0.486,964.63,412.88,8290,1,34.000416,-81.000332,9292
278,27800,ASCENT,-0.014,-0.001,1.288,-0.404,0.095,0.468,964.33,415.45,8289,1,34.000417,-81.000334,E38B
279,27900,ASCENT,0.003,-0.014,1.292,-0.452,0.188,0.542,964.04,418.00,8289,1,34.000419,-81.000335,7B98
280,28000,ASCENT,-0.015,-0.004,1.325,-0.538,0.266,0.548,963.75,420.53,8288,1,34.000420,-81.000336,92C8
281,28100,ASCENT,-0.002,0.001,1.316,-0.593,0.267,0.562,963.46,423.03,8288,1,34.000422,-81.000337,78B0
282,28200,ASCENT,-0.020,-0.007,1.314,-0.645,0.345,0.534,963.17,425.51,8288,1,34.000423,-81.000338,E885
283,28300,ASCENT,-0.019,-0.015,1.320,-0.666,0.337,0.573,962.89,427.97,8287,1,34.000425,-81.000340,987C
284,28400,ASCENT,-0.011,0.003,1.333,-0.717,0.417,0.615,962.61,430.41,8287,1,34.000426,-81.000341,5262
285,28500,ASCENT,-0.015,-0.002,1.334,-0.833,0.444,0.631,962.33,432.82,8286,1,34.000428,-81.000342,B982
286,28600,ASCENT,-0.007,0.001,1.350,-0.817,0.504,0.562,962.06,435.21,8286,1,34.000429,-81.000343,7454
287,28700,ASCENT,-0.015,-0.004,1.341,-0.847,0.469,0.577,961.78,437.58,8286,1,34.000431,-81.000344,CC29
288,28800,ASCENT,-0.008,0.007,1.335,-0.928,0.524,0.667,961.51,439.92,8285,1,34.000432,-81.000346,AFE3
289,28900,ASCENT,-0.020,-0.008,1.332,-0.946,0.628,0.600,961.25,442.23,8285,1,34.000433,-81.000347,CD1A
290,29000,ASCENT,-0.021,0.003,1.338,-1.036,0.577,0.668,960.98,444.52,8284,1,34.000435,-81.000348,0453
291,29100,ASCENT,-0.017,-0.002,1.321,-1.053,0.669,0.687,960.72,446.78,8284,1,34.000436,-81.000349,B6A2
292,29200,ASCENT,-0.010,-0.000,1.359,-1.031,0.661,0.729,960.47,449.02,8284,1,34.000438,-81.000350,B6C6
293,29300,ASCENT,-0.018,0.008,1.329,-1.074,0.685,0.739,960.21,451.23,8283,1,34.000439,-81.000352,5D84
294,29400,ASCENT,-0.030,0.005,1.351,-1.157,0.806,0.699,959.96,453.41,8283,1,34.000441,-81.000353,F2B0
295,29500,ASCENT,-0.020,0.010,1.346,-1.215,0.839,0.701,959.71,455.57,8282,1,34.000442,-81.000354,B390
296,29600,ASCENT,-0.012,0.017,1.353,-1.226,0.792,0.694,959.47,457.70,8282,1,34.000444,-81.000355,B778
297,29700,ASCENT,-0.024,0.013,1.328,-1.190,0.848,0.687,959.23,459.80,8282,1,34.000445,-81.000356,4C72
298,29800,ASCENT,-0.010,0.004,1.324,-1.220,0.854,0.709,958.99,461.87,8281,1,34.000447,-81.000358,B48A
299,29900,ASCENT,-0.024,0.021,1.313,-1.305,0.878,0.738,958.75,463.91,8281,1,34.000448,-81.000359,AA55
300,30000,ASCENT,-0.010,0.020,1.350,-1.272,0.923,0.754,958.52,465.92,8280,1,34.000450,-81.000360,058C
301,30100,ASCENT,-0.017,0.016,1.328,-1.301,0.964,0.760,958.30,467.90,8280,1,34.000451,-81.000361,2CDA
302,30200,ASCENT,-0.018,0.012,1.344,-1.337,0.924,0.719,958.07,469.85,8280,1,34.000453,-81.000362,78D6
303,30300,ASCENT,-0.020,0.017,1.293,-1.376,0.961,0.740,957.85,471.77,8279,1,34.000454,-81.000364,9AD1
304,30400,ASCENT,-0.020,0.005,1.332,-1.436,0.963,0.764,957.64,473.66,8279,1,34.000456,-81.000365,C5CF
305,30500,ASCENT,-0.019,0.025,1.325,-1.394,1.063,0.782,957.42,475.52,8278,1,34.000458,-81.000366,1C74
306,30600,ASCENT,-0.020,0.023,1.324,-1.466,1.070,0.833,957.21,477.35,8278,1,34.000459,-81.000367,8F22
307,30700,ASCENT,-0.017,0.016,1.304,-1.444,1.064,0.739,957.01,479.14,8278,1,34.000461,-81.000368,39E2
308,30800,ASCENT,-0.012,0.022,1.318,-1.475,1.101,0.834,956.80,480.90,8277,1,34.000462,-81.000370,B69B
309,30900,ASCENT,-0.016,0.016,1.284,-1.436,1.123,0.767,956.61,482.63,8277,1,34.000464,-81.000371,090C
310,31000,ASCENT,-0.000,0.012,1.307,-1.527,1.104,0.808,956.41,484.32,8276,1,34.000465,-81.000372,2707
311,31100,ASCENT,0.000,0.020,1.281,-1.470,1.119,0.786,956.22,485.98,8276,1,34.000467,-81.000373,0070
312,31200,ASCENT,-0.012,0.012,1.270,-1.512,1.054,0.817,956.04,487.61,8276,1,34.000468,-81.000374,8103
313,31300,ASCENT,0.003,0.009,1.276,-1.521,1.098,0.759,955.85,489.20,8275,1,34.000470,-81.000376,7BE7
314,31400,ASCENT,0.007,0.014,1.269,-1.519,1.094,0.839,955.68,490.76,8275,1,34.000471,-81.000377,EFF8
315,31500,ASCENT,-0.006,0.026,1.258,-1.540,1.084,0.828,955.50,492.28,8274,1,34.000473,-81.000378,9B28
316,31600,ASCENT,0.010,0.018,1.227,-1.462,1.143,0.819,955.33,493.76,8274,1,34.000474,-81.000379,F6CF
317,31700,ASCENT,-0.004,0.026,1.234,-1.494,1.115,0.777,955.17,495.21,8274,1,34.000476,-81.000380,2210
318,31800,ASCENT,0.008,0.020,1.246,-1.475,1.099,0.812,955.00,496.62,8273,1,34.000477,-81.000382,8A5F
319,31900,ASCENT,0.011,0.011,1.221,-1.498,1.109,0.748,954.85,498.00,8273,1,34.000478,-81.000383,6AF0
320,32000,ASCENT,0.010,0.009,1.240,-1.479,1.109,0.837,954.69,499.33,8272,1,34.000480,-81.000384,47BB
321,32100,ASCENT,0.016,0.026,1.223,-1.443,1.080,0.767,954.54,500.63,8272,1,34.000481,-81.000385,4267
322,32200,ASCENT,0.004,0.019,1.240,-1.441,1.010,0.788,954.40,501.89,8272,1,34.000483,-81.000386,5C77
323,32300,ASCENT,0.019,0.024,1.231,-1.428,0.991,0.776,954.26,503.11,8271,1,34.000484,-81.000388,CA7F
324,32400,ASCENT,0.017,0.008,1.216,-1.450,0.998,0.815,954.13,504.30,8271,1,34.000486,-81.000389,212B
325,32500,ASCENT,0.022,0.009,1.188,-1.366,0.996,0.726,953.99,505.44,8270,1,34.000487,-81.000390,AFF9
326,32600,ASCENT,0.022,0.021,1.182,-1.333,1.014,0.773,953.87,506.54,8270,1,34.000489,-81.000391,0F69
327,32700,ASCENT,0.015,0.019,1.192,-1.385,0.936,0.770,953.75,507.61,8270,1,34.000490,-81.000392,0A72
328,32800,ASCENT,0.023,0.013,1.182,-1.377,0.955,0.780,953.63,508.63,8269,1,34.000492,-81.000394,375B
329,32900,ASCENT,0.026,0.011,1.214,-1.255,0.934,0.772,953.52,509.61,8269,1,34.000493,-81.000395,6D72
330,33000,ASCENT,0.019,0.007,1.188,-1.266,0.840,0.726,953.41,510.55,8268,1,34.000495,-81.000396,00EE
331,33100,ASCENT,0.016,0.011,1.202,-1.212,0.882,0.718,953.31,511.45,8268,1,34.000496,-81.000397,567D
332,33200,ASCENT,0.017,0.009,1.183,-1.236,0.795,0.692,953.21,512.30,8268,1,34.000498,-81.000398,AC3A
333,33300,ASCENT,0.022,0.017,1.185,-1.213,0.793,0.722,953.12,513.11,8267,1,34.000499,-81.000400,86E2
334,33400,ASCENT,0.011,0.007,1.159,-1.163,0.778,0.709,953.03,513.88,8267,1,34.000501,-81.000401,6BF9
335,33500,ASCENT,0.027,0.012,1.172,-1.155,0.695,0.697,952.95,514.61,8266,1,34.000503,-81.000402,B63D
336,33600,ASCENT,0.015,0.007,1.179,-1.085,0.744,0.715,952.87,515.29,8266,1,34.000504,-81.000403,25EA
337,33700,ASCENT,0.029,0.012,1.178,-1.084,0.653,0.657,952.80,515.93,8266,1,34.000506,-81.000404,AD69
338,33800,ASCENT,0.022,0.010,1.204,-1.013,0.595,0.616,952.73,516.52,8265,1,34.000507,-81.000406,5C88
339,33900,ASCENT,0.026,0.003,1.158,-0.948,0.624,0.668,952.66,517.07,8265,1,34.000509,-81.000407,E302
340,34000,ASCENT,0.009,0.009,1.167,-0.957,0.554,0.620,952.61,517.57,8264,1,34.000510,-81.000408,9D0B
341,34100,ASCENT,0.012,-0.003,1.191,-0.864,0.501,0.601,952.56,518.03,8264,1,34.000512,-81.000409,C30E
342,34200,ASCENT,0.007,0.003,1.179,-0.861,0.452,0.632,952.51,518.44,8264,1,34.000513,-81.000410,8B3F
343,34300,ASCENT,0.006,-0.005,1.189,-0.780,0.470,0.558,952.47,518.80,8263,1,34.000515,-81.000412,1033
344,34400,ASCENT,0.004,0.003,1.187,-0.743,0.453,0.602,952.43,519.12,8263,1,34.000516,-81.000413,9B5B
345,34500,ASCENT,0.013,-0.012,1.191,-0.702,0.335,0.578,952.40,519.38,8262,1,34.000518,-81.000414,9CAB
346,34600,ASCENT,0.020,0.000,1.198,-0.710,0.309,0.540,952.38,519.60,8262,1,34.000519,-81.000415,5442
347,34700,ASCENT,0.001,0.001,1.223,-0.565,0.319,0.582,952.36,519.78,8262,1,34.000521,-81.000416,30AC
348,34800,ASCENT,0.014,-0.001,1.205,-0.515,0.247,0.504,952.34,519.90,8261,1,34.000522,-81.000418,317A
349,34900,ASCENT,-0.002,-0.005,1.184,-0.487,0.185,0.502,952.33,519.98,8261,1,34.000523,-81.000419,38AC
350,35000,DESCENT,0.013,-0.006,0.832,-0.514,0.128,0.513,952.33,520.00,8260,1,34.000525,-81.000420,E7B2
351,35100,DESCENT,0.005,-0.019,0.846,-0.461,0.092,0.533,952.33,519.99,8260,1,34.000526,-81.000421,92B9
352,35200,DESCENT,0.010,-0.015,0.871,-0.329,0.069,0.488,952.34,519.95,8260,1,34.000528,-81.000422,387B
353,35300,DESCENT,-0.006,-0.008,0.833,-0.269,0.024,0.462,952.34,519.89,8259,1,34.000529,-81.000424,465F
354,35400,DESCENT,0.009,-0.009,0.859,-0.239,-0.066,0.392,952.35,519.80,8259,1,34.000531,-81.000425,AEA5
355,35500,DESCENT,-0.010,-0.015,0.861,-0.193,-0.041,0.383,952.37,519.68,8258,1,34.000532,-81.000426,07DC
356,35600,DESCENT,-0.000,-0.013,0.867,-0.195,-0.133,0.439,952.38,519.55,8258,1,34.000534,-81.000427,B69E
357,35700,DESCENT,-0.011,-0.025,0.896,-0.068,-0.203,0.389,952.40,519.38,8258,1,34.000535,-81.000428,E909
358,35800,DESCENT,-0.008,-0.019,0.875,-0.070,-0.240,0.365,952.42,519.20,8257,1,34.000537,-81.000430,2C69
359,35900,DESCENT,-0.010,-0.016,0.861,-0.025,-0.245,0.385,952.45,518.99,8257,1,34.000538,-81.000431,A40E
360,36000,DESCENT,-0.020,-0.016,0.894,0.009,-0.274,0.305,952.47,518.75,8256,1,34.000540,-81.000432,1D09
361,36100,DESCENT,-0.003,-0.009,0.898,0.147,-0.281,0.327,952.50,518.49,8256,1,34.000541,-81.000433,0008
362,36200,DESCENT,-0.016,-0.008,0.889,0.125,-0.415,0.271,952.53,518.21,8256,1,34.000543,-81.000434,5BFA
363,36300,DESCENT,-0.006,-0.025,0.883,0.225,-0.455,0.294,952.57,517.90,8255,1,34.000544,-81.000436,8B58
364,36400,DESCENT,-0.011,-0.014,0.892,0.297,-0.464,0.262,952.61,517.57,8255,1,34.000546,-81.000437,0C24
365,36500,DESCENT,-0.020,-0.018,0.919,0.320,-0.458,0.204,952.65,517.22,8254,1,34.000548,-81.000438,24B0
366,36600,DESCENT,-0.024,-0.021,0.893,0.338,-0.545,0.263,952.69,516.84,8254,1,34.000549,-81.000439,7737
367,36700,DESCENT,-0.008,-0.022,0.884,0.438,-0.543,0.174,952.74,516.44,8254,1,34.000551,-81.000440,9099
368,36800,DESCENT,-0.020,-0.018,0.886,0.448,-0.642,0.165,952.79,516.02,8253,1,34.000552,-81.000442,B225
369,36900,DESCENT,-0.011,-0.027,0.921,0.558,-0.682,0.129,952.84,515.57,8253,1,34.000554,-81.000443,C235
370,37000,DESCENT,-0.028,-0.019,0.919,0.514,-0.660,0.130,952.89,515.10,8252,1,34.000555,-81.000444,966B
371,37100,DESCENT,-0.019,-0.025,0.905,0.581,-0.676,0.136,952.95,514.61,8252,1,34.000557,-81.000445,B53B
372,37200,DESCENT,-0.018,-0.010,0.911,0.677,-0.712,0.132,953.00,514.09,8252,1,34.000558,-81.000446,686E
373,37300,DESCENT,-0.024,-0.014,0.912,0.667,-0.805,0.082,953.07,513.56,8251,1,34.000560,-81.000448,3D2A
374,37400,DESCENT,-0.019,-0.022,0.875,0.773,-0.798,0.101,953.13,513.00,8251,1,34.000561,-81.000449,27EA
375,37500,DESCENT,-0.022,-0.008,0.891,0.760,-0.880,0.037,953.20,512.42,8250,1,34.000563,-81.000450,F111
376,37600,DESCENT,-0.018,-0.019,0.856,0.813,-0.815,-0.021,953.27,511.82,8250,1,34.000564,-81.000451,55F7
377,37700,DESCENT,-0.026,-0.015,0.878,0.876,-0.924,0.015,953.34,511.19,8250,1,34.000566,-81.000452,ABAD
378,37800,DESCENT,-0.023,-0.021,0.884,0.948,-0.962,-0.045,953.41,510.55,8249,1,34.000567,-81.000454,84F7
379,37900,DESCENT,-0.013,-0.007,0.884,0.940,-0.929,-0.007,953.49,509.88,8249,1,34.000568,-81.000455,E9F7
380,38000,DESCENT,-0.021,-0.019,0.872,1.027,-0.997,-0.100,953.57,509.19,8248,1,34.000570,-81.000456,E268
381,38100,DESCENT,-0.019,-0.019,0.838,1.076,-1.001,-0.087,953.65,508.48,8248,1,34.000571,-81.000457,DCD4
382,38200,DESCENT,-0.021,-0.006,0.834,1.061,-0.996,-0.128,953.73,507.75,8248,1,34.000573,-81.000458,61B7
383,38300,DESCENT,-0.013,-0.013,0.851,1.162,-0.992,-0.106,953.82,507.00,8247,1,34.000574,-81.000460,6DE2
384,38400,DESCENT,-0.009,-0.003,0.848,1.107,-1.029,-0.184,953.90,506.23,8247,1,34.000576,-81.000461,7B3D
385,38500,DESCENT,-0.019,-0.016,0.843,1.159,-1.023,-0.171,953.99,505.44,8246,1,34.000577,-81.000462,441B
386,38600,DESCENT,-0.018,-0.010,0.802,1.177,-1.070,-0.208,954.09,504.63,8246,1,34.000579,-81.000463,21C3
387,38700,DESCENT,-0.016,-0.010,0.825,1.293,-1.094,-0.239,954.18,503.79,8246,1,34.000580,-81.000464,35FD
388,38800,DESCENT,-0.006,-0.008,0.781,1.320,-1.050,-0.233,954.28,502.94,8245,1,34.000582,-81.000466,EAD1
389,38900,DESCENT,0.002,0.002,0.824,1.288,-1.083,-0.231,954.38,502.07,8245,1,34.000583,-81.000467,1FEE
390,39000,DESCENT,0.005,-0.005,0.793,1.348,-1.048,-0.248,954.48,501.18,8244,1,34.000585,-81.000468,7C1B
391,39100,DESCENT,-0.004,0.007,0.783,1.317,-1.125,-0.279,954.59,500.26,8244,1,34.000586,-81.000469,122D
392,39200,DESCENT,-0.010,0.005,0.798,1.321,-1.059,-0.300,954.69,499.33,8244,1,34.000588,-81.000470,DC56
393,39300,DESCENT,-0.006,0.001,0.773,1.364,-1.107,-0.293,954.80,498.38,8243,1,34.000589,-81.000472,D606
394,39400,DESCENT,0.002,0.006,0.784,1.362,-1.057,-0.336,954.91,497.41,8243,1,34.000591,-81.000473,CBC7
395,39500,DESCENT,0.000,-0.003,0.785,1.402,-1.108,-0.308,955.03,496.42,8242,1,34.000593,-81.000474,A049
396,39600,DESCENT,-0.001,0.012,0.753,1.443,-1.093,-0.339,955.14,495.41,8242,1,34.000594,-81.000475,0BD9
397,39700,DESCENT,0.014,0.007,0.747,1.426,-1.040,-0.343,955.26,494.39,8242,1,34.000596,-81.000476,CDC3
398,39800,DESCENT,0.016,0.011,0.780,1.419,-1.084,-0.355,955.38,493.34,8241,1,34.000597,-81.000478,C1B6
399,39900,DESCENT,0.019,0.011,0.764,1.516,-1.049,-0.433,955.50,492.28,8241,1,34.000599,-81.000479,196B
400,40000,DESCENT,0.012,0.008,0.772,1.525,-1.100,-0.451,955.63,491.20,8240,1,34.000600,-81.000480,1C01
401,40100,DESCENT,0.004,0.013,0.783,1.483,-1.086,-0.416,955.75,490.09,8240,1,34.000602,-81.000481,C423
402,40200,DESCENT,0.015,0.015,0.781,1.500,-0.976,-0.452,955.88,488.98,8240,1,34.000603,-81.000482,7852
403,40300,DESCENT,0.024,0.007,0.774,1.507,-1.053,-0.497,956.01,487.84,8239,1,34.000605,-81.000484,BDBE
404,40400,DESCENT,0.015,0.008,0.782,1.523,-0.973,-0.482,956.14,486.69,8239,1,34.000606,-81.000485,D279
405,40500,DESCENT,0.022,0.012,0.771,1.455,-0.997,-0.534,956.28,485.51,8238,1,34.000608,-81.000486,76F8
406,40600,DESCENT,0.018,0.018,0.786,1.450,-0.956,-0.571,956.41,484.32,8238,1,34.000609,-81.000487,2C04
407,40700,DESCENT,0.018,0.022,0.756,1.517,-0.931,-0.543,956.55,483.12,8238,1,34.000611,-81.000488,D2DE
408,40800,DESCENT,0.010,0.008,0.775,1.460,-0.920,-0.584,956.69,481.89,8237,1,34.000612,-81.000490,64A9
409,40900,DESCENT,0.018,0.021,0.755,1.465,-0.834,-0.602,956.83,480.65,8237,1,34.000614,-81.000491,F090
410,41000,DESCENT,0.016,0.018,0.773,1.465,-0.896,-0.577,956.98,479.39,8236,1,34.000615,-81.000492,9E9E
411,41100,DESCENT,0.011,0.025,0.778,1.470,-0.775,-0.575,957.12,478.12,8236,1,34.000616,-81.000493,5956
412,41200,DESCENT,0.014,0.009,0.796,1.468,-0.778,-0.637,957.27,476.83,8236,1,34.000618,-81.000494,FB15
413,41300,DESCENT,0.022,0.024,0.801,1.430,-0.754,-0.651,957.42,475.52,8235,1,34.000619,-81.000496,1229
414,41400,DESCENT,0.011,0.008,0.792,1.382,-0.736,-0.676,957.57,474.20,8235,1,34.000621,-81.000497,0024
415,41500,DESCENT,0.020,0.020,0.828,1.403,-0.695,-0.685,957.73,472.86,8234,1,34.000622,-81.000498,79A5
416,41600,DESCENT,0.010,0.018,0.831,1.328,-0.694,-0.652,957.88,471.50,8234,1,34.000624,-81.000499,48A6
417,41700,DESCENT,0.017,0.017,0.826,1.389,-0.643,-0.722,958.04,470.13,8234,1,34.000625,-81.000500,C444
418,41800,DESCENT,0.015,0.019,0.826,1.288,-0.596,-0.668,958.20,468.74,8233,1,34.000627,-81.000502,A26D
419,41900,DESCENT,0.014,0.015,0.828,1.333,-0.560,-0.662,958.36,467.34,8233,1,34.000628,-81.000503,86D0
420,42000,DESCENT,0.014,0.021,0.834,1.279,-0.524,-0.735,958.52,465.92,8232,1,34.000630,-81.000504,5359
421,42100,DESCENT,0.012,0.012,0.844,1.220,-0.434,-0.714,958.69,464.49,8232,1,34.000631,-81.000505,8350
422,42200,DESCENT,0.021,0.012,0.872,1.257,-0.403,-0.744,958.86,463.04,8232,1,34.000633,-81.000506,14E0
423,42300,DESCENT,0.017,0.016,0.839,1.132,-0.380,-0.705,959.02,461.57,8231,1,34.000634,-81.000508,4774
424,42400,DESCENT,0.007,0.017,0.857,1.143,-0.367,-0.777,959.19,460.09,8231,1,34.000636,-81.000509,99F4
425,42500,DESCENT,0.013,0.010,0.853,1.128,-0.267,-0.773,959.36,458.60,8230,1,34.000638,-81.000510,E9B4
426,42600,DESCENT,0.008,0.018,0.849,1.111,-0.271,-0.752,959.54,457.09,8230,1,34.000639,-81.000511,A679
427,42700,DESCENT,-0.002,0.026,0.873,0.997,-0.236,-0.753,959.71,455.57,8230,1,34.000641,-81.000512,B0B4
428,42800,DESCENT,0.008,0.017,0.868,1.041,-0.129,-0.746,959.89,454.03,8229,1,34.000642,-81.000514,0498
429,42900,DESCENT,0.004,0.021,0.883,0.987,-0.124,-0.757,960.07,452.48,8229,1,34.000644,-81.000515,FD9C
430,43000,DESCENT,-0.000,0.013,0.872,0.893,-0.066,-0.736,960.25,450.92,8228,1,34.000645,-81.000516,BDEC
431,43100,DESCENT,-0.006,0.011,0.872,0.896,-0.066,-0.765,960.43,449.34,8228,1,34.000647,-81.000517,8C7D
432,43200,DESCENT,-0.004,0.008,0.906,0.802,0.019,-0.815,960.61,447.75,8228,1,34.000648,-81.000518,4DA9
433,43300,DESCENT,0.001,0.018,0.909,0.822,0.038,-0.813,960.80,446.14,8227,1,34.000650,-81.000520,012D
434,43400,DESCENT,0.003,0.003,0.888,0.747,0.073,-0.817,960.98,444.52,8227,1,34.000651,-81.000521,51D5
435,43500,DESCENT,0.001,0.004,0.879,0.727,0.158,-0.837,961.17,442.89,8226,1,34.000653,-81.000522,666E
436,43600,DESCENT,-0.004,0.014,0.912,0.612,0.143,-0.817,961.36,441.24,8226,1,34.000654,-81.000523,2291
437,43700,DESCENT,-0.014,0.013,0.920,0.623,0.234,-0.845,961.55,439.58,8226,1,34.000656,-81.000524,8A1B
438,43800,DESCENT,-0.016,-0.002,0.912,0.530,0.287,-0.770,961.74,437.91,8225,1,34.000657,-81.000526,31C1
439,43900,DESCENT,-0.011,-0.003,0.911,0.465,0.339,-0.840,961.94,436.23,8225,1,34.000659,-81.000527,5245
440,44000,DESCENT,-0.017,0.008,0.907,0.406,0.334,-0.806,962.13,434.53,8224,1,34.000660,-81.000528,92FC
441,44100,DESCENT,-0.004,0.003,0.898,0.424,0.379,-0.769,962.33,432.82,8224,1,34.000661,-81.000529,EE7F
442,44200,DESCENT,-0.011,0.001,0.879,0.322,0.393,-0.805,962.53,431.10,8224,1,34.000663,-81.000530,A588
443,44300,DESCENT,-0.015,-0.006,0.902,0.336,0.471,-0.836,962.73,429.37,8223,1,34.000664,-81.000532,C2F1
444,44400,DESCENT,-0.012,0.003,0.890,0.274,0.483,-0.835,962.93,427.62,8223,1,34.000666,-81.000533,1A88
445,44500,DESCENT,-0.022,0.010,0.878,0.246,0.564,-0.832,963.13,425.87,8222,1,34.000667,-81.000534,D53E
446,44600,DESCENT,-0.017,-0.005,0.893,0.135,0.553,-0.833,963.34,424.10,8222,1,34.000669,-81.000535,CEDF
447,44700,DESCENT,-0.012,0.007,0.883,0.055,0.623,-0.829,963.54,422.32,8222,1,34.000670,-81.000536,7502
448,44800,DESCENT,-0.015,0.006,0.885,0.089,0.652,-0.789,963.75,420.53,8221,1,34.000672,-81.000538,027E
449,44900,DESCENT,-0.011,0.001,0.847,-0.032,0.736,-0.740,963.96,418.72,8221,1,34.000673,-81.000539,8EC6
450,45000,DESCENT,-0.022,-0.012,0.847,-0.068,0.773,-0.819,964.17,416.91,8220,1,34.000675,-81.000540,EA48
451,45100,DESCENT,-0.025,-0.013,0.858,-0.158,0.766,-0.774,964.38,415.08,8220,1,34.000676,-81.000541,7164
452,45200,DESCENT,-0.019,-0.004,0.818,-0.137,0.778,-0.731,964.59,413.25,8220,1,34.000678,-81.000542,0821
453,45300,DESCENT,-0.012,-0.013,0.833,-0.257,0.788,-0.749,964.80,411.40,8219,1,34.000679,-81.000544,F51A
454,45400,DESCENT,-0.013,-0.005,0.805,-0.257,0.891,-0.757,965.02,409.55,8219,1,34.000681,-81.000545,E459
455,45500,DESCENT,-0.016,-0.002,0.813,-0.351,0.885,-0.753,965.23,407.68,8218,1,34.000683,-81.000546,D222
456,45600,DESCENT,-0.017,-0.003,0.808,-0.361,0.858,-0.736,965.45,405.80,8218,1,34.000684,-81.000547,4243
457,45700,DESCENT,-0.009,-0.002,0.835,-0.469,0.949,-0.766,965.67,403.92,8218,1,34.000686,-81.000548,A160
458,45800,DESCENT,-0.021,-0.005,0.796,-0.516,0.980,-0.692,965.88,402.02,8217,1,34.000687,-81.000550,C954
459,45900,DESCENT,-0.010,-0.022,0.803,-0.559,0.993,-0.690,966.11,400.11,8217,1,34.000689,-81.000551,0B2E
460,46000,DESCENT,-0.023,-0.007,0.787,-0.552,1.001,-0.745,966.33,398.20,8216,1,34.000690,-81.000552,B39B
461,46100,DESCENT,-0.021,-0.021,0.783,-0.665,1.015,-0.666,966.55,396.27,8216,1,34.000692,-81.000553,D5D3
462,46200,DESCENT,-0.011,-0.024,0.781,-0.668,0.985,-0.667,966.77,394.33,8216,1,34.000693,-81.000554,AFB6
463,46300,DESCENT,-0.004,-0.014,0.803,-0.719,1.024,-0.639,967.00,392.39,8215,1,34.000695,-81.000556,C55A
464,46400,DESCENT,-0.011,-0.011,0.779,-0.712,1.065,-0.609,967.22,390.44,8215,1,34.000696,-81.000557,D1E9
465,46500,DESCENT,-0.001,-0.023,0.789,-0.768,1.095,-0.691,967.45,388.47,8214,1,34.000698,-81.000558,32B0
466,46600,DESCENT,-0.017,-0.009,0.790,-0.818,1.115,-0.659,967.68,386.50,8214,1,34.000699,-81.000559,6C27
467,46700,DESCENT,-0.007,-0.009,0.775,-0.847,1.072,-0.614,967.91,384.52,8214,1,34.000701,-81.000560,7CF1
468,46800,DESCENT,-0.002,-0.012,0.774,-0.977,1.080,-0.598,968.14,382.54,8213,1,34.000702,-81.000562,B9FA
469,46900,DESCENT,-0.006,-0.024,0.772,-0.977,1.065,-0.621,968.37,380.54,8213,1,34.000704,-81.000563,A638
470,47000,DESCENT,0.005,-0.013,0.741,-0.992,1.102,-0.629,968.60,378.54,8212,1,34.000705,-81.000564,B039
471,47100,DESCENT,0.002,-0.013,0.737,-1.055,1.063,-0.542,968.83,376.52,8212,1,34.000706,-81.000565,8996
472,47200,DESCENT,-0.004,-0.022,0.782,-1.048,1.118,-0.600,969.07,374.50,8212,1,34.000708,-81.000566,C49D
473,47300,DESCENT,0.002,-0.019,0.762,-1.147,1.108,-0.587,969.30,372.48,8211,1,34.000709,-81.000568,681B
474,47400,DESCENT,-0.002,-0.017,0.750,-1.136,1.089,-0.565,969.54,370.44,8211,1,34.000711,-81.000569,B43D
475,47500,DESCENT,0.003,-0.024,0.769,-1.161,1.076,-0.471,969.78,368.40,8210,1,34.000712,-81.000570,578F
476,47600,DESCENT,0.010,-0.015,0.749,-1.204,1.066,-0.472,970.01,366.35,8210,1,34.000714,-81.000571,5CD6
477,47700,DESCENT,0.013,-0.026,0.744,-1.274,1.103,-0.474,970.25,364.29,8210,1,34.000715,-81.000572,385C
478,47800,DESCENT,0.005,-0.024,0.787,-1.325,1.021,-0.509,970.49,362.22,8209,1,34.000717,-81.000574,F399
479,47900,DESCENT,0.019,-0.007,0.775,-1.315,1.005,-0.419,970.73,360.15,8209,1,34.000718,-81.000575,8538
480,48000,DESCENT,0.011,-0.020,0.777,-1.299,1.077,-0.399,970.97,358.08,8208,1,34.000720,-81.000576,CEED
481,48100,DESCENT,0.014,-0.009,0.791,-1.378,0.987,-0.366,971.21,355.99,8208,1,34.000721,-81.000577,64C6
482,48200,DESCENT,0.018,-0.008,0.794,-1.381,1.017,-0.373,971.46,353.90,8208,1,34.000723,-81.000578,72FA
483,48300,DESCENT,0.020,-0.006,0.811,-1.397,0.954,-0.384,971.70,351.80,8207,1,34.000724,-81.000580,C061
484,48400,DESCENT,0.011,-0.019,0.825,-1.425,1.005,-0.354,971.95,349.70,8207,1,34.000726,-81.000581,703C
485,48500,DESCENT,0.026,-0.019,0.790,-1.417,0.987,-0.341,972.19,347.59,8206,1,34.000728,-81.000582,D283
486,48600,DESCENT,0.014,-0.020,0.818,-1.401,0.955,-0.274,972.44,345.48,8206,1,34.000729,-81.000583,262C
487,48700,DESCENT,0.018,-0.003,0.798,-1.446,0.888,-0.336,972.68,343.35,8206,1,34.000731,-81.000584,B9F8
488,48800,DESCENT,0.024,-0.009,0.809,-1.479,0.854,-0.314,972.93,341.23,8205,1,34.000732,-81.000586,BCAE
489,48900,DESCENT,0.023,-0.005,0.834,-1.442,0.803,-0.253,973.18,339.10,8205,1,34.000734,-81.000587,6E7E
490,49000,DESCENT,0.011,-0.006,0.824,-1.511,0.834,-0.278,973.43,336.96,8204,1,34.000735,-81.000588,7D75
491,49100,DESCENT,0.017,-0.003,0.820,-1.478,0.818,-0.227,973.67,334.82,8204,1,34.000737,-81.000589,073A
492,49200,DESCENT,0.019,0.003,0.875,-1.496,0.718,-0.187,973.92,332.67,8204,1,34.000738,-81.000590,8598
493,49300,DESCENT,0.023,-0.007,0.851,-1.516,0.707,-0.191,974.17,330.52,8203,1,34.000740,-81.000592,7F15
494,49400,DESCENT,0.022,0.005,0.853,-1.457,0.674,-0.125,974.43,328.36,8203,1,34.000741,-81.000593,EA89
495,49500,DESCENT,0.011,-0.005,0.851,-1.506,0.667,-0.170,974.68,326.20,8202,1,34.000743,-81.000594,15EE
496,49600,DESCENT,0.016,-0.005,0.872,-1.477,0.633,-0.155,974.93,324.04,8202,1,34.000744,-81.000595,C280
497,49700,DESCENT,0.009,0.004,0.886,-1.448,0.570,-0.087,975.18,321.87,8202,1,34.000746,-81.000596,FDFD
498,49800,DESCENT,0.020,0.007,0.907,-1.498,0.570,-0.105,975.44,319.69,8201,1,34.000747,-81.000598,D6CC
499,49900,DESCENT,0.012,0.002,0.905,-1.440,0.490,-0.091,975.69,317.52,8201,1,34.000749,-81.000599,8783
500,50000,DESCENT,0.010,0.005,0.912,-1.506,0.432,-0.094,975.94,315.34,8200,1,34.000750,-81.000600,E4C3
501,50100,DESCENT,0.023,0.014,0.868,-1.422,0.435,-0.036,976.20,313.15,8200,1,34.000751,-81.000601,B494
502,50200,DESCENT,0.021,0.008,0.909,-1.453,0.379,0.007,976.45,310.96,8200,1,34.000753,-81.000602,7805
503,50300,DESCENT,0.014,0.016,0.901,-1.374,0.303,-0.028,976.71,308.77,8199,1,34.000754,-81.000604,DFF7
504,50400,DESCENT,0.019,0.003,0.895,-1.418,0.303,0.007,976.96,306.58,8199,1,34.000756,-81.000605,BEBB
505,50500,DESCENT,0.008,0.012,0.903,-1.401,0.243,0.015,977.22,304.38,8198,1,34.000757,-81.000606,D1BB
506,50600,DESCENT,0.008,0.019,0.900,-1.396,0.228,0.064,977.48,302.18,8198,1,34.000759,-81.000607,5062
507,50700,DESCENT,0.007,0.019,0.905,-1.375,0.121,0.134,977.73,299.97,8198,1,34.000760,-81.000608,52AC
508,50800,DESCENT,0.002,0.008,0.911,-1.285,0.124,0.143,977.99,297.77,8197,1,34.000762,-81.000610,CAFC
509,50900,DESCENT,-0.005,0.004,0.876,-1.324,0.094,0.142,978.25,295.56,8197,1,34.000763,-81.000611,57F2
510,51000,DESCENT,0.004,0.013,0.879,-1.255,-0.020,0.186,978.51,293.35,8196,1,34.000765,-81.000612,D8BE
511,51100,DESCENT,-0.002,0.015,0.878,-1.280,-0.032,0.209,978.77,291.13,8196,1,34.000766,-81.000613,DDA7
512,51200,DESCENT,-0.010,0.011,0.867,-1.241,-0.039,0.142,979.02,288.92,8196,1,34.000768,-81.000614,42DB
513,51300,DESCENT,-0.004,0.013,0.874,-1.135,-0.157,0.164,979.28,286.70,8195,1,34.000769,-81.000616,93DC
514,51400,DESCENT,-0.005,0.017,0.887,-1.126,-0.133,0.184,979.54,284.48,8195,1,34.000771,-81.000617,BBAF
515,51500,DESCENT,-0.002,0.026,0.877,-1.095,-0.223,0.276,979.80,282.26,8194,1,34.000772,-81.000618,0745
516,51600,DESCENT,-0.006,0.015,0.895,-1.075,-0.197,0.272,980.06,280.04,8194,1,34.000774,-81.000619,6AF9
517,51700,DESCENT,-0.003,0.017,0.851,-1.019,-0.272,0.235,980.32,277.82,8194,1,34.000776,-81.000620,7A66
518,51800,DESCENT,-0.021,0.008,0.850,-0.984,-0.322,0.343,980.58,275.59,8193,1,34.000777,-81.000622,5C72
519,51900,DESCENT,-0.019,0.023,0.852,-0.918,-0.391,0.334,980.84,273.37,8193,1,34.000779,-81.000623,1D40
520,52000,DESCENT,-0.023,0.010,0.853,-0.916,-0.375,0.295,981.10,271.14,8192,1,34.000780,-81.000624,1DB5
521,52100,DESCENT,-0.010,0.022,0.841,-0.837,-0.422,0.404,981.36,268.91,8192,1,34.000782,-81.000625,35F1
522,52200,DESCENT,-0.025,0.015,0.854,-0.808,-0.504,0.420,981.62,266.69,8192,1,34.000783,-81.000626,5CB5
523,52300,DESCENT,-0.020,0.024,0.835,-0.807,-0.489,0.385,981.89,264.46,8191,1,34.000785,-81.000628,4668
524,52400,DESCENT,-0.027,0.015,0.809,-0.721,-0.544,0.442,982.15,262.23,8191,1,34.000786,-81.000629,D954
525,52500,DESCENT,-0.020,0.016,0.811,-0.679,-0.563,0.473,982.41,260.00,8190,1,34.000788,-81.000630,FA2B
526,52600,DESCENT,-0.021,0.012,0.814,-0.594,-0.670,0.471,982.67,257.77,8190,1,34.000789,-81.000631,38DA
527,52700,DESCENT,-0.024,0.009,0.801,-0.559,-0.641,0.423,982.93,255.54,8190,1,34.000791,-81.000632,D94B
528,52800,DESCENT,-0.018,0.011,0.824,-0.534,-0.690,0.521,983.19,253.31,8189,1,34.000792,-81.000634,989E
529,52900,DESCENT,-0.011,0.008,0.775,-0.453,-0.751,0.522,983.45,251.09,8189,1,34.000794,-81.000635,FE6F
530,53000,DESCENT,-0.012,0.013,0.800,-0.436,-0.786,0.519,983.71,248.86,8188,1,34.000795,-81.000636,77D1
531,53100,DESCENT,-0.013,0.013,0.771,-0.369,-0.832,0.522,983.97,246.63,8188,1,34.000796,-81.000637,4B34
532,53200,DESCENT,-0.019,0.011,0.796,-0.391,-0.827,0.569,984.24,244.41,8188,1,34.000798,-81.000638,5A0A
533,53300,DESCENT,-0.029,0.019,0.759,-0.298,-0.854,0.576,984.50,242.18,8187,1,34.000799,-81.000640,D1B3
534,53400,DESCENT,-0.020,0.024,0.787,-0.239,-0.867,0.531,984.76,239.96,8187,1,34.000801,-81.000641,0F42
535,53500,DESCENT,-0.025,0.016,0.751,-0.172,-0.866,0.562,985.02,237.74,8186,1,34.000802,-81.000642,FFEB
536,53600,DESCENT,-0.018,0.015,0.780,-0.178,-0.923,0.610,985.28,235.52,8186,1,34.000804,-81.000643,95F7
537,53700,DESCENT,-0.017,0.013,0.768,-0.036,-0.931,0.597,985.54,233.30,8186,1,34.000805,-81.000644,727E
538,53800,DESCENT,-0.022,0.006,0.754,-0.004,-0.951,0.628,985.80,231.08,8185,1,34.000807,-81.000646,B162
539,53900,DESCENT,-0.012,0.008,0.776,0.058,-0.983,0.645,986.06,228.87,8185,1,34.000808,-81.000647,8DFE
540,54000,DESCENT,-0.023,0.005,0.776,0.041,-1.016,0.681,986.32,226.65,8184,1,34.000810,-81.000648,DC7E
541,54100,DESCENT,-0.017,0.014,0.755,0.086,-1.073,0.618,986.58,224.44,8184,1,34.000811,-81.000649,D341
542,54200,DESCENT,-0.003,0.017,0.783,0.147,-1.061,0.688,986.84,222.23,8184,1,34.000813,-81.000650,9596
543,54300,DESCENT,-0.016,0.013,0.763,0.204,-1.109,0.640,987.10,220.03,8183,1,34.000814,-81.000652,3EF8
544,54400,DESCENT,-0.011,0.002,0.781,0.243,-1.042,0.695,987.36,217.82,8183,1,34.000816,-81.000653,E584
545,54500,DESCENT,-0.011,-0.000,0.781,0.338,-1.105,0.735,987.62,215.62,8182,1,34.000817,-81.000654,853C
546,54600,DESCENT,-0.006,0.006,0.760,0.372,-1.079,0.668,987.88,213.42,8182,1,34.000819,-81.000655,8FD3
547,54700,DESCENT,-0.002,0.009,0.779,0.451,-1.129,0.747,988.13,211.23,8182,1,34.000821,-81.000656,FA34
548,54800,DESCENT,-0.010,0.007,0.763,0.532,-1.115,0.735,988.39,209.04,8181,1,34.000822,-81.000658,608B
549,54900,DESCENT,0.002,-0.008,0.774,0.515,-1.066,0.714,988.65,206.85,8181,1,34.000824,-81.000659,2300
550,55000,DESCENT,-0.002,0.009,0.779,0.567,-1.069,0.722,988.91,204.66,8180,1,34.000825,-81.000660,B515
551,55100,DESCENT,-0.001,-0.007,0.770,0.654,-1.109,0.726,989.16,202.48,8180,1,34.000827,-81.000661,696C
552,55200,DESCENT,0.007,-0.012,0.769,0.718,-1.069,0.756,989.42,200.31,8180,1,34.000828,-81.000662,D0AF
553,55300,DESCENT,0.007,0.006,0.806,0.718,-1.075,0.786,989.68,198.13,8179,1,34.000830,-81.000664,D8CB
554,55400,DESCENT,-0.002,-0.010,0.798,0.746,-1.103,0.735,989.93,195.96,8179,1,34.000831,-81.000665,0AEB
555,55500,DESCENT,0.013,-0.015,0.827,0.800,-1.116,0.751,990.19,193.80,8178,1,34.000833,-81.000666,2234
556,55600,DESCENT,0.010,0.003,0.815,0.873,-1.021,0.766,990.44,191.64,8178,1,34.000834,-81.000667,04D4
557,55700,DESCENT,0.019,-0.016,0.845,0.943,-1.079,0.830,990.70,189.48,8178,1,34.000836,-81.000668,EC11
558,55800,DESCENT,0.015,-0.017,0.837,0.914,-1.082,0.782,990.95,187.33,8177,1,34.000837,-81.000670,4776
559,55900,DESCENT,0.021,-0.019,0.837,0.966,-1.030,0.761,991.20,185.18,8177,1,34.000839,-81.000671,4B23
560,56000,DESCENT,0.024,-0.004,0.828,1.003,-1.053,0.817,991.46,183.04,8176,1,34.000840,-81.000672,61A0
561,56100,DESCENT,0.019,-0.004,0.828,1.079,-0.972,0.784,991.71,180.90,8176,1,34.000841,-81.000673,2E0F
562,56200,DESCENT,0.020,-0.014,0.874,1.055,-0.980,0.797,991.96,178.77,8176,1,34.000843,-81.000674,B458
563,56300,DESCENT,0.011,-0.021,0.874,1.103,-0.909,0.818,992.21,176.65,8175,1,34.000844,-81.000676,1421
564,56400,DESCENT,0.024,-0.022,0.886,1.152,-0.897,0.837,992.46,174.52,8175,1,34.000846,-81.000677,F395
565,56500,DESCENT,0.009,-0.006,0.883,1.201,-0.887,0.832,992.71,172.41,8174,1,34.000847,-81.000678,E21F
566,56600,DESCENT,0.018,-0.005,0.893,1.227,-0.869,0.792,992.96,170.30,8174,1,34.000849,-81.000679,942A
567,56700,DESCENT,0.027,-0.017,0.865,1.234,-0.892,0.802,993.21,168.20,8174,1,34.000850,-81.000680,A964
568,56800,DESCENT,0.019,-0.009,0.899,1.249,-0.812,0.774,993.46,166.10,8173,1,34.000852,-81.000682,EB9B
569,56900,DESCENT,0.029,-0.018,0.881,1.313,-0.761,0.808,993.70,164.01,8173,1,34.000853,-81.000683,AF37
570,57000,DESCENT,0.025,-0.017,0.906,1.320,-0.726,0.839,993.95,161.92,8172,1,34.000855,-81.000684,B031
571,57100,DESCENT,0.016,-0.020,0.899,1.316,-0.760,0.826,994.20,159.85,8172,1,34.000856,-81.000685,A314
572,57200,DESCENT,0.014,-0.018,0.917,1.416,-0.695,0.758,994.44,157.78,8172,1,34.000858,-81.000686,FEF5
573,57300,DESCENT,0.025,-0.017,0.875,1.450,-0.693,0.818,994.69,155.71,8171,1,34.000859,-81.000688,B167
574,57400,DESCENT,0.021,-0.013,0.911,1.440,-0.604,0.799,994.93,153.65,8171,1,34.000861,-81.000689,267B
575,57500,DESCENT,0.009,-0.027,0.879,1.400,-0.577,0.765,995.17,151.60,8170,1,34.000862,-81.000690,787B
576,57600,DESCENT,0.027,-0.026,0.892,1.434,-0.548,0.772,995.41,149.56,8170,1,34.000864,-81.000691,47F8
577,57700,DESCENT,0.024,-0.023,0.888,1.447,-0.538,0.816,995.66,147.52,8170,1,34.000866,-81.000692,C981
578,57800,DESCENT,0.012,-0.011,0.904,1.483,-0.468,0.752,995.90,145.50,8169,1,34.000867,-81.000694,BA44
579,57900,DESCENT,0.013,-0.011,0.892,1.468,-0.471,0.789,996.13,143.48,8169,1,34.000869,-81.000695,6887
580,58000,DESCENT,0.008,-0.010,0.883,1.481,-0.400,0.698,996.37,141.46,8168,1,34.000870,-81.000696,0660
581,58100,DESCENT,0.018,-0.023,0.873,1.451,-0.321,0.695,996.61,139.46,8168,1,34.000872,-81.000697,C77C
582,58200,DESCENT,0.014,-0.010,0.886,1.525,-0.260,0.707,996.85,137.46,8168,1,34.000873,-81.000698,26BF
583,58300,DESCENT,0.011,-0.014,0.901,1.538,-0.305,0.751,997.08,135.48,8167,1,34.000875,-81.000700,05FA
584,58400,DESCENT,-0.000,-0.016,0.903,1.484,-0.230,0.675,997.32,133.50,8167,1,34.000876,-81.000701,8252
585,58500,DESCENT,0.002,-0.007,0.880,1.486,-0.223,0.725,997.55,131.53,8166,1,34.000878,-81.000702,A79A
586,58600,DESCENT,0.002,-0.024,0.855,1.523,-0.089,0.682,997.78,129.56,8166,1,34.000879,-81.000703,84E0
587,58700,DESCENT,0.000,-0.013,0.848,1.462,-0.083,0.701,998.02,127.61,8166,1,34.000881,-81.000704,47F4
588,58800,DESCENT,-0.007,-0.004,0.885,1.454,-0.005,0.639,998.25,125.67,8165,1,34.000882,-81.000706,39CF
589,58900,DESCENT,-0.003,-0.009,0.868,1.482,-0.020,0.698,998.48,123.73,8165,1,34.000884,-81.000707,A8E4
590,59000,DESCENT,-0.007,-0.019,0.873,1.424,0.069,0.671,998.70,121.80,8164,1,34.000885,-81.000708,AA67
591,59100,DESCENT,-0.004,-0.010,0.824,1.475,0.095,0.678,998.93,119.89,8164,1,34.000887,-81.000709,1CA9
592,59200,DESCENT,-0.011,-0.013,0.860,1.415,0.172,0.598,999.16,117.98,8164,1,34.000888,-81.000710,D77E
593,59300,DESCENT,-0.006,-0.012,0.851,1.443,0.194,0.582,999.38,116.08,8163,1,34.000889,-81.000712,FFD8
594,59400,DESCENT,-0.008,0.001,0.822,1.421,0.217,0.647,999.61,114.20,8163,1,34.000891,-81.000713,8F63
595,59500,DESCENT,-0.017,-0.004,0.819,1.405,0.274,0.618,999.83,112.32,8162,1,34.000892,-81.000714,DDE5
596,59600,DESCENT,-0.014,-0.009,0.821,1.354,0.313,0.623,1000.05,110.45,8162,1,34.000894,-81.000715,253D
597,59700,DESCENT,-0.018,0.001,0.798,1.324,0.324,0.612,1000.27,108.60,8162,1,34.000895,-81.000716,750F
598,59800,DESCENT,-0.003,-0.011,0.783,1.270,0.383,0.534,1000.49,106.75,8161,1,34.000897,-81.000718,E198
599,59900,DESCENT,-0.009,-0.003,0.816,1.323,0.463,0.506,1000.71,104.92,8161,1,34.000898,-81.000719,FF77
600,60000,DESCENT,-0.007,0.005,0.772,1.254,0.508,0.479,1000.93,103.09,8160,1,34.000900,-81.000720,4F9D
601,60100,DESCENT,-0.023,-0.001,0.786,1.209,0.468,0.470,1001.14,101.28,8160,1,34.000901,-81.000721,44F6
602,60200,DESCENT,-0.013,-0.009,0.797,1.216,0.590,0.535,1001.36,99.47,8160,1,34.000903,-81.000722,BAEE
603,60300,DESCENT,-0.022,0.003,0.765,1.129,0.535,0.435,1001.57,97.68,8159,1,34.000904,-81.000724,60F0
604,60400,DESCENT,-0.027,-0.003,0.759,1.089,0.656,0.413,1001.78,95.90,8159,1,34.000906,-81.000725,A2C5
605,60500,DESCENT,-0.018,0.001,0.775,1.104,0.635,0.397,1001.99,94.13,8158,1,34.000907,-81.000726,7AC9
606,60600,DESCENT,-0.029,0.011,0.789,1.051,0.702,0.430,1002.20,92.38,8158,1,34.000909,-81.000727,97E7
607,60700,DESCENT,-0.022,-0.005,0.755,0.974,0.759,0.424,1002.41,90.63,8158,1,34.000911,-81.000728,1AEB
608,60800,DESCENT,-0.025,0.008,0.750,1.011,0.721,0.419,1002.62,88.90,8157,1,34.000912,-81.000730,5BC4
609,60900,DESCENT,-0.016,0.005,0.756,0.896,0.808,0.373,1002.82,87.18,8157,1,34.000914,-81.000731,ED0B
610,61000,DESCENT,-0.021,0.001,0.750,0.854,0.799,0.370,1003.03,85.47,8156,1,34.000915,-81.000732,4D0E
611,61100,DESCENT,-0.010,-0.001,0.746,0.885,0.805,0.343,1003.23,83.77,8156,1,34.000917,-81.000733,0E79
612,61200,DESCENT,-0.025,0.011,0.757,0.850,0.872,0.310,1003.43,82.09,8156,1,34.000918,-81.000734,E8F6
613,61300,DESCENT,-0.010,0.011,0.759,0.785,0.894,0.268,1003.63,80.42,8155,1,34.000920,-81.000736,35FC
614,61400,DESCENT,-0.015,0.019,0.766,0.738,0.958,0.279,1003.83,78.76,8155,1,34.000921,-81.000737,3BE2
615,61500,DESCENT,-0.015,0.011,0.786,0.719,0.926,0.255,1004.02,77.11,8154,1,34.000923,-81.000738,43A2
616,61600,DESCENT,-0.021,0.013,0.789,0.591,0.970,0.278,1004.22,75.48,8154,1,34.000924,-81.000739,8E4A
617,61700,DESCENT,-0.010,0.021,0.775,0.529,0.960,0.260,1004.41,73.86,8154,1,34.000926,-81.000740,F448
618,61800,DESCENT,-0.007,0.008,0.787,0.561,1.052,0.190,1004.60,72.25,8153,1,34.000927,-81.000742,25F5
619,61900,DESCENT,-0.015,0.023,0.779,0.433,1.049,0.163,1004.79,70.66,8153,1,34.000929,-81.000743,BC9F
620,62000,DESCENT,-0.004,0.019,0.800,0.451,1.037,0.163,1004.98,69.08,8152,1,34.000930,-81.000744,2EF6
621,62100,DESCENT,-0.011,0.024,0.774,0.345,1.085,0.155,1005.17,67.52,8152,1,34.000932,-81.000745,9A2B
622,62200,DESCENT,-0.009,0.007,0.776,0.347,1.102,0.083,1005.35,65.97,8152,1,34.000933,-81.000746,6126
623,62300,DESCENT,-0.002,0.010,0.792,0.290,1.117,0.088,1005.53,64.43,8151,1,34.000934,-81.000748,503E
624,62400,DESCENT,-0.016,0.015,0.807,0.266,1.113,0.126,1005.72,62.91,8151,1,34.000936,-81.000749,00B2
625,62500,DESCENT,-0.008,0.023,0.823,0.176,1.099,0.045,1005.90,61.40,8150,1,34.000937,-81.000750,E682
626,62600,DESCENT,-0.006,0.011,0.832,0.135,1.129,0.000,1006.08,59.91,8150,1,34.000939,-81.000751,8014
627,62700,DESCENT,-0.002,0.019,0.839,0.034,1.148,0.025,1006.25,58.43,8150,1,34.000940,-81.000752,DD35
628,62800,DESCENT,0.002,0.019,0.837,0.029,1.101,-0.014,1006.43,56.96,8149,1,34.000942,-81.000754,2621
629,62900,DESCENT,0.010,0.023,0.819,-0.018,1.109,-0.028,1006.60,55.51,8149,1,34.000943,-81.000755,8707
630,63000,DESCENT,0.004,0.024,0.826,-0.079,1.063,-0.038,1006.77,54.08,8148,1,34.000945,-81.000756,DB89
631,63100,DESCENT,-0.001,0.015,0.867,-0.120,1.050,-0.087,1006.94,52.66,8148,1,34.000946,-81.000757,303E
632,63200,DESCENT,0.007,0.011,0.866,-0.197,1.068,-0.079,1007.11,51.26,8148,1,34.000948,-81.000758,C227
633,63300,DESCENT,-0.001,0.020,0.882,-0.196,1.106,-0.122,1007.27,49.87,8147,1,34.000949,-81.000760,F8DC
634,63400,DESCENT,0.009,0.012,0.853,-0.340,1.069,-0.075,1007.44,48.50,8147,1,34.000951,-81.000761,BF00
635,63500,DESCENT,0.001,0.010,0.888,-0.307,1.110,-0.173,1007.60,47.14,8146,1,34.000952,-81.000762,7AD7
636,63600,DESCENT,0.013,0.009,0.891,-0.356,1.026,-0.118,1007.76,45.80,8146,1,34.000954,-81.000763,2673
637,63700,DESCENT,0.008,0.010,0.885,-0.463,1.010,-0.176,1007.92,44.48,8146,1,34.000956,-81.000764,29A9
638,63800,DESCENT,0.010,0.014,0.870,-0.459,1.014,-0.232,1008.08,43.17,8145,1,34.000957,-81.000766,178D
639,63900,DESCENT,0.007,0.017,0.878,-0.546,0.998,-0.236,1008.23,41.88,8145,1,34.000959,-81.000767,92B8
640,64000,DESCENT,0.011,0.015,0.903,-0.631,0.948,-0.207,1008.38,40.61,8144,1,34.000960,-81.000768,C54F
641,64100,DESCENT,0.022,0.005,0.903,-0.656,1.002,-0.215,1008.53,39.35,8144,1,34.000962,-81.000769,8CBC
642,64200,DESCENT,0.016,0.015,0.897,-0.663,0.895,-0.297,1008.68,38.11,8144,1,34.000963,-81.000770,A188
643,64300,DESCENT,0.019,0.019,0.904,-0.721,0.939,-0.269,1008.83,36.88,8143,1,34.000965,-81.000772,5003
644,64400,DESCENT,0.015,0.016,0.895,-0.748,0.886,-0.353,1008.97,35.68,8143,1,34.000966,-81.000773,0E1D
645,64500,DESCENT,0.029,0.009,0.904,-0.802,0.913,-0.285,1009.11,34.49,8142,1,34.000968,-81.000774,06F9
646,64600,DESCENT,0.027,0.006,0.903,-0.920,0.844,-0.350,1009.25,33.31,8142,1,34.000969,-81.000775,492D
647,64700,DESCENT,0.013,0.000,0.891,-0.911,0.795,-0.392,1009.39,32.16,8142,1,34.000971,-81.000776,7F7F
648,64800,DESCENT,0.030,0.001,0.914,-0.954,0.765,-0.410,1009.53,31.02,8141,1,34.000972,-81.000778,8ED9
649,64900,DESCENT,0.025,0.007,0.897,-1.015,0.703,-0.434,1009.66,29.91,8141,1,34.000974,-81.000779,60CF
650,65000,DESCENT,0.025,-0.003,0.911,-1.046,0.676,-0.438,1009.79,28.80,8140,1,34.000975,-81.000780,886D
651,65100,DESCENT,0.011,0.001,0.882,-1.081,0.689,-0.417,1009.92,27.72,8140,1,34.000977,-81.000781,D05A
652,65200,DESCENT,0.015,-0.006,0.910,-1.094,0.611,-0.457,1010.05,26.66,8140,1,34.000978,-81.000782,2EEF
653,65300,DESCENT,0.026,-0.000,0.874,-1.110,0.566,-0.513,1010.18,25.61,8139,1,34.000979,-81.000784,E98A
654,65400,DESCENT,0.008,-0.009,0.891,-1.183,0.524,-0.448,1010.30,24.59,8139,1,34.000981,-81.000785,B6E7
655,65500,DESCENT,0.011,-0.007,0.897,-1.171,0.564,-0.517,1010.42,23.58,8138,1,34.000982,-81.000786,B4D5
656,65600,DESCENT,0.025,-0.003,0.863,-1.187,0.466,-0.486,1010.54,22.59,8138,1,34.000984,-81.000787,864C
657,65700,DESCENT,0.006,-0.004,0.868,-1.284,0.427,-0.503,1010.66,21.62,8138,1,34.000985,-81.000788,6CEB
658,65800,DESCENT,0.021,0.002,0.871,-1.286,0.412,-0.584,1010.77,20.67,8137,1,34.000987,-81.000790,0C59
659,65900,DESCENT,0.016,-0.010,0.845,-1.347,0.327,-0.555,1010.88,19.74,8137,1,34.000988,-81.000791,C35D
660,66000,DESCENT,0.015,-0.002,0.871,-1.309,0.373,-0.586,1010.99,18.82,8136,1,34.000990,-81.000792,669A
661,66100,DESCENT,0.015,-0.014,0.846,-1.333,0.243,-0.575,1011.10,17.93,8136,1,34.000991,-81.000793,9B06
662,66200,DESCENT,0.017,-0.014,0.856,-1.400,0.283,-0.644,1011.20,17.06,8136,1,34.000993,-81.000794,44BA
663,66300,DESCENT,0.016,-0.008,0.856,-1.439,0.169,-0.640,1011.31,16.21,8135,1,34.000994,-81.000796,71B1
664,66400,DESCENT,0.002,-0.004,0.802,-1.437,0.157,-0.600,1011.40,15.37,8135,1,34.000996,-81.000797,4B70
665,66500,DESCENT,0.012,-0.008,0.820,-1.400,0.161,-0.628,1011.50,14.56,8134,1,34.000997,-81.000798,FFDE
666,66600,DESCENT,0.012,-0.007,0.827,-1.412,0.036,-0.646,1011.60,13.77,8134,1,34.000999,-81.000799,A368
667,66700,DESCENT,-0.004,-0.017,0.800,-1.478,-0.008,-0.704,1011.69,13.00,8134,1,34.001001,-81.000800,704B
668,66800,DESCENT,-0.003,-0.004,0.795,-1.510,-0.014,-0.682,1011.78,12.25,8133,1,34.001002,-81.000802,6F2B
669,66900,DESCENT,0.008,-0.009,0.783,-1.445,-0.086,-0.704,1011.87,11.52,8133,1,34.001004,-81.000803,01BF
670,67000,DESCENT,-0.007,-0.007,0.770,-1.457,-0.144,-0.648,1011.95,10.81,8132,1,34.001005,-81.000804,779F
671,67100,DESCENT,0.001,-0.018,0.766,-1.486,-0.110,-0.679,1012.04,10.12,8132,1,34.001007,-81.000805,0EFC
672,67200,DESCENT,-0.002,-0.016,0.777,-1.478,-0.225,-0.737,1012.12,9.45,8132,1,34.001008,-81.000806,B291
673,67300,DESCENT,-0.011,-0.016,0.758,-1.547,-0.263,-0.747,1012.19,8.81,8131,1,34.001010,-81.000808,00E4
674,67400,DESCENT,-0.006,-0.014,0.748,-1.545,-0.307,-0.702,1012.27,8.18,8131,1,34.001011,-81.000809,D9BB
675,67500,DESCENT,-0.006,-0.009,0.751,-1.527,-0.353,-0.744,1012.34,7.58,8130,1,34.001013,-81.000810,1D0A
676,67600,DESCENT,-0.019,-0.019,0.790,-1.541,-0.349,-0.780,1012.41,7.00,8130,1,34.001014,-81.000811,F2CC
677,67700,DESCENT,-0.015,-0.027,0.741,-1.519,-0.383,-0.734,1012.48,6.44,8130,1,34.001016,-81.000812,0604
678,67800,DESCENT,-0.007,-0.026,0.782,-1.431,-0.449,-0.799,1012.54,5.91,8129,1,34.001017,-81.000814,DA6C
679,67900,DESCENT,-0.008,-0.012,0.760,-1.446,-0.520,-0.790,1012.60,5.39,8129,1,34.001019,-81.000815,EAED
680,68000,DESCENT,-0.024,-0.024,0.771,-1.429,-0.509,-0.723,1012.66,4.90,8128,1,34.001020,-81.000816,45CD
681,68100,DESCENT,-0.025,-0.009,0.737,-1.446,-0.532,-0.756,1012.72,4.43,8128,1,34.001022,-81.000817,90EC
682,68200,DESCENT,-0.017,-0.018,0.775,-1.398,-0.558,-0.815,1012.77,3.98,8128,1,34.001023,-81.000818,FA78
683,68300,DESCENT,-0.023,-0.017,0.749,-1.392,-0.646,-0.736,1012.82,3.56,8127,1,34.001024,-81.000820,A5F7
684,68400,DESCENT,-0.012,-0.020,0.772,-1.346,-0.685,-0.830,1012.87,3.16,8127,1,34.001026,-81.000821,B804
685,68500,DESCENT,-0.026,-0.014,0.774,-1.347,-0.681,-0.816,1012.92,2.78,8126,1,34.001027,-81.000822,4808
686,68600,DESCENT,-0.013,-0.018,0.754,-1.310,-0.751,-0.836,1012.96,2.43,8126,1,34.001029,-81.000823,85C7
687,68700,DESCENT,-0.019,-0.017,0.748,-1.304,-0.759,-0.827,1013.00,2.10,8126,1,34.001030,-81.000824,1C14
688,68800,DESCENT,-0.015,-0.023,0.791,-1.277,-0.817,-0.826,1013.03,1.79,8125,1,34.001032,-81.000826,5348
689,68900,DESCENT,-0.017,-0.018,0.784,-1.244,-0.810,-0.771,1013.07,1.51,8125,1,34.001033,-81.000827,E11E
690,69000,DESCENT,-0.027,-0.018,0.786,-1.261,-0.868,-0.829,1013.10,1.25,8124,1,34.001035,-81.000828,AC48
691,69100,DESCENT,-0.017,-0.015,0.795,-1.227,-0.872,-0.813,1013.13,1.01,8124,1,34.001036,-81.000829,5B63
692,69200,DESCENT,-0.014,-0.024,0.794,-1.166,-0.925,-0.796,1013.15,0.80,8124,1,34.001038,-81.000830,927B
693,69300,DESCENT,-0.018,-0.008,0.776,-1.105,-0.902,-0.820,1013.18,0.62,8123,1,34.001039,-81.000832,6089
694,69400,DESCENT,-0.019,-0.006,0.817,-1.114,-0.978,-0.788,1013.20,0.45,8123,1,34.001041,-81.000833,22D2
695,69500,DESCENT,-0.011,-0.011,0.814,-1.068,-0.973,-0.788,1013.21,0.32,8122,1,34.001042,-81.000834,549C
696,69600,DESCENT,-0.025,-0.004,0.823,-1.053,-1.032,-0.752,1013.23,0.20,8122,1,34.001044,-81.000835,DD04
697,69700,DESCENT,-0.021,-0.005,0.815,-1.005,-0.981,-0.789,1013.24,0.11,8122,1,34.001045,-81.000836,3B67
698,69800,DESCENT,-0.019,-0.012,0.813,-1.015,-1.033,-0.778,1013.24,0.05,8121,1,34.001047,-81.000838,5D8F
699,69900,DESCENT,-0.012,-0.015,0.841,-0.941,-1.005,-0.747,1013.25,0.01,8121,1,34.001049,-81.000839,A925
700,70000,LANDED,-0.020,-0.011,0.977,-0.888,-1.065,-0.787,1013.25,0.00,8120,1,34.001050,-81.000840,2A3F
701,70100,LANDED,-0.018,-0.011,1.005,-0.866,-1.116,-0.731,1013.25,0.00,8120,1,34.001052,-81.000841,C51E
702,70200,LANDED,-0.010,0.001,0.978,-0.806,-1.125,-0.728,1013.25,0.00,8120,1,34.001053,-81.000842,AB6F
703,70300,LANDED,-0.015,-0.000,1.000,-0.770,-1.066,-0.725,1013.25,0.00,8119,1,34.001055,-81.000844,510A
704,70400,LANDED,0.002,0.002,0.982,-0.697,-1.093,-0.750,1013.25,0.00,8119,1,34.001056,-81.000845,B63B
705,70500,LANDED,-0.005,0.003,0.993,-0.707,-1.097,-0.712,1013.25,0.00,8118,1,34.001058,-81.000846,5220
706,70600,LANDED,0.002,0.004,1.005,-0.627,-1.123,-0.740,1013.25,0.00,8118,1,34.001059,-81.000847,F0F7
707,70700,LANDED,0.004,-0.000,0.977,-0.531,-1.061,-0.745,1013.25,0.00,8118,1,34.001061,-81.000848,0FF3
708,70800,LANDED,0.009,-0.000,1.023,-0.492,-1.065,-0.701,1013.25,0.00,8117,1,34.001062,-81.000850,150A
709,70900,LANDED,0.002,-0.001,0.978,-0.459,-1.066,-0.689,1013.25,0.00,8117,1,34.001064,-81.000851,14A3
710,71000,LANDED,0.006,0.007,0.992,-0.414,-1.069,-0.719,1013.25,0.00,8116,1,34.001065,-81.000852,7660
711,71100,LANDED,0.001,0.006,0.978,-0.409,-1.089,-0.678,1013.25,0.00,8116,1,34.001067,-81.000853,B30C
712,71200,LANDED,0.002,-0.002,1.019,-0.316,-1.100,-0.743,1013.25,0.00,8116,1,34.001068,-81.000854,CCA4
713,71300,LANDED,0.012,0.013,0.991,-0.295,-1.030,-0.678,1013.25,0.00,8115,1,34.001069,-81.000856,2DA3
714,71400,LANDED,0.019,0.009,1.007,-0.208,-1.031,-0.654,1013.25,0.00,8115,1,34.001071,-81.000857,B7DC
715,71500,LANDED,0.012,-0.000,1.024,-0.181,-1.007,-0.662,1013.25,0.00,8114,1,34.001072,-81.000858,A195
716,71600,LANDED,0.005,0.013,0.995,-0.131,-1.007,-0.691,1013.25,0.00,8114,1,34.001074,-81.000859,C646
717,71700,LANDED,0.023,0.018,1.011,-0.072,-0.992,-0.660,1013.25,0.00,8114,1,34.001075,-81.000860,F18E
718,71800,LANDED,0.007,0.019,0.999,-0.019,-0.992,-0.662,1013.25,0.00,8113,1,34.001077,-81.000862,671A
719,71900,LANDED,0.014,0.009,1.002,0.084,-0.960,-0.583,1013.25,0.00,8113,1,34.001078,-81.000863,A36B
720,72000,LANDED,0.009,0.008,1.022,0.116,-0.969,-0.576,1013.25,0.00,8112,1,34.001080,-81.000864,E537
721,72100,LANDED,0.019,0.012,0.980,0.178,-0.895,-0.539,1013.25,0.00,8112,1,34.001081,-81.000865,C13C
722,72200,LANDED,0.014,0.023,0.978,0.197,-0.861,-0.560,1013.25,0.00,8112,1,34.001083,-81.000866,9CF8
723,72300,LANDED,0.017,0.006,1.025,0.304,-0.895,-0.609,1013.25,0.00,8111,1,34.001084,-81.000868,13FE
724,72400,LANDED,0.023,0.011,1.011,0.285,-0.812,-0.534,1013.25,0.00,8111,1,34.001086,-81.000869,90B2
725,72500,LANDED,0.010,0.016,0.982,0.363,-0.809,-0.553,1013.25,0.00,8110,1,34.001087,-81.000870,C0FA
726,72600,LANDED,0.012,0.013,1.004,0.441,-0.802,-0.492,1013.25,0.00,8110,1,34.001089,-81.000871,740B
727,72700,LANDED,0.012,0.013,0.995,0.501,-0.718,-0.466,1013.25,0.00,8110,1,34.001090,-81.000872,A804
728,72800,LANDED,0.022,0.015,0.999,0.463,-0.733,-0.475,1013.25,0.00,8109,1,34.001092,-81.000874,F508
729,72900,LANDED,0.018,0.013,0.987,0.510,-0.710,-0.480,1013.25,0.00,8109,1,34.001094,-81.000875,86AA
730,73000,LANDED,0.020,0.018,0.979,0.564,-0.672,-0.409,1013.25,0.00,8108,1,34.001095,-81.000876,2819
731,73100,LANDED,0.010,0.016,1.001,0.624,-0.604,-0.397,1013.25,0.00,8108,1,34.001097,-81.000877,2152
732,73200,LANDED,0.026,0.023,0.979,0.701,-0.609,-0.417,1013.25,0.00,8108,1,34.001098,-81.000878,F136
733,73300,LANDED,0.014,0.013,1.008,0.774,-0.531,-0.428,1013.25,0.00,8107,1,34.001100,-81.000880,9C2B
734,73400,LANDED,0.018,0.023,1.019,0.757,-0.548,-0.402,1013.25,0.00,8107,1,34.001101,-81.000881,9E88
735,73500,LANDED,0.018,0.022,1.018,0.869,-0.430,-0.334,1013.25,0.00,8106,1,34.001103,-81.000882,7D06
736,73600,LANDED,0.016,0.009,1.001,0.901,-0.397,-0.351,1013.25,0.00,8106,1,34.001104,-81.000883,2D74
737,73700,LANDED,0.006,0.018,1.023,0.965,-0.356,-0.356,1013.25,0.00,8106,1,34.001106,-81.000884,9BA4
738,73800,LANDED,0.015,0.024,0.982,0.998,-0.337,-0.327,1013.25,0.00,8105,1,34.001107,-81.000886,13BE
739,73900,LANDED,0.001,0.009,1.022,1.052,-0.308,-0.314,1013.25,0.00,8105,1,34.001109,-81.000887,4374
740,74000,LANDED,0.002,0.025,0.994,1.047,-0.305,-0.304,1013.25,0.00,8104,1,34.001110,-81.000888,4B62
741,74100,LANDED,0.015,0.014,1.022,1.105,-0.202,-0.255,1013.25,0.00,8104,1,34.001112,-81.000889,F51F
742,74200,LANDED,0.015,0.019,0.995,1.155,-0.176,-0.264,1013.25,0.00,8104,1,34.001113,-81.000890,0E9E
743,74300,LANDED,0.005,0.005,1.023,1.113,-0.090,-0.245,1013.25,0.00,8103,1,34.001114,-81.000892,AB3E
744,74400,LANDED,0.005,0.024,0.981,1.217,-0.128,-0.180,1013.25,0.00,8103,1,34.001116,-81.000893,4827
745,74500,LANDED,0.006,0.007,0.976,1.231,-0.045,-0.165,1013.25,0.00,8102,1,34.001117,-81.000894,794D
746,74600,LANDED,-0.007,0.007,1.005,1.277,0.040,-0.169,1013.25,0.00,8102,1,34.001119,-81.000895,EA17
747,74700,LANDED,-0.006,0.008,0.992,1.309,0.021,-0.114,1013.25,0.00,8102,1,34.001120,-81.000896,AFAC
748,74800,LANDED,-0.011,0.018,0.988,1.266,0.117,-0.090,1013.25,0.00,8101,1,34.001122,-81.000898,290F
749,74900,LANDED,-0.009,0.006,1.011,1.301,0.147,-0.069,1013.25,0.00,8101,1,34.001123,-81.000899,1136
750,75000,LANDED,0.003,0.010,1.013,1.383,0.126,-0.098,1013.25,0.00,8100,1,34.001125,-81.000900,DB27
751,75100,LANDED,-0.013,0.008,0.983,1.402,0.250,-0.106,1013.25,0.00,8100,1,34.001126,-81.000901,B021
752,75200,LANDED,-0.010,0.015,0.989,1.390,0.239,-0.031,1013.25,0.00,8100,1,34.001128,-81.000902,F754
753,75300,LANDED,-0.004,0.016,0.988,1.366,0.345,0.010,1013.25,0.00,8099,1,34.001129,-81.000904,3A4F
754,75400,LANDED,-0.019,-0.001,0.988,1.380,0.323,-0.033,1013.25,0.00,8099,1,34.001131,-81.000905,EA49
755,75500,LANDED,-0.016,0.013,1.014,1.436,0.370,-0.022,1013.25,0.00,8098,1,34.001132,-81.000906,A46D
756,75600,LANDED,-0.017,-0.001,1.005,1.422,0.390,0.074,1013.25,0.00,8098,1,34.001134,-81.000907,71D9
757,75700,LANDED,-0.010,-0.002,1.002,1.481,0.451,0.048,1013.25,0.00,8098,1,34.001135,-81.000908,DDA5
758,75800,LANDED,-0.024,-0.008,1.006,1.479,0.513,0.117,1013.25,0.00,8097,1,34.001137,-81.000910,C30A
759,75900,LANDED,-0.011,0.003,1.018,1.492,0.555,0.120,1013.25,0.00,8097,1,34.001139,-81.000911,E2CB
760,76000,LANDED,-0.020,0.005,1.019,1.541,0.547,0.086,1013.25,0.00,8096,1,34.001140,-81.000912,210A
761,76100,LANDED,-0.021,-0.009,0.975,1.463,0.578,0.103,1013.25,0.00,8096,1,34.001142,-81.000913,DCE4
762,76200,LANDED,-0.015,0.002,1.020,1.471,0.613,0.162,1013.25,0.00,8096,1,34.001143,-81.000914,2A5E
763,76300,LANDED,-0.021,-0.000,0.978,1.531,0.705,0.147,1013.25,0.00,8095,1,34.001145,-81.000916,9226
764,76400,LANDED,-0.027,0.003,0.996,1.500,0.765,0.224,1013.25,0.00,8095,1,34.001146,-81.000917,8C7F
765,76500,LANDED,-0.011,-0.014,1.013,1.534,0.769,0.171,1013.25,0.00,8094,1,34.001148,-81.000918,EE01
766,76600,LANDED,-0.022,0.002,0.975,1.462,0.780,0.243,1013.25,0.00,8094,1,34.001149,-81.000919,7F79
767,76700,LANDED,-0.011,-0.011,0.987,1.489,0.776,0.265,1013.25,0.00,8094,1,34.001151,-81.000920,6799
768,76800,LANDED,-0.029,-0.004,0.981,1.441,0.890,0.301,1013.25,0.00,8093,1,34.001152,-81.000922,BB32
769,76900,LANDED,-0.022,-0.012,1.009,1.502,0.879,0.308,1013.25,0.00,8093,1,34.001154,-81.000923,2D4D
770,77000,LANDED,-0.025,-0.012,1.015,1.410,0.849,0.356,1013.25,0.00,8092,1,34.001155,-81.000924,E2E0
771,77100,LANDED,-0.014,-0.012,1.007,1.485,0.897,0.359,1013.25,0.00,8092,1,34.001157,-81.000925,D8F3
772,77200,LANDED,-0.022,-0.009,1.003,1.475,0.950,0.367,1013.25,0.00,8092,1,34.001158,-81.000926,8409
773,77300,LANDED,-0.016,-0.011,0.999,1.398,0.942,0.378,1013.25,0.00,8091,1,34.001159,-81.000928,ECFB
774,77400,LANDED,-0.011,-0.016,0.996,1.419,0.995,0.356,1013.25,0.00,8091,1,34.001161,-81.000929,94B1
775,77500,LANDED,-0.016,-0.006,1.002,1.367,1.000,0.443,1013.25,0.00,8090,1,34.001162,-81.000930,7C05
776,77600,LANDED,-0.023,-0.019,0.999,1.317,1.059,0.409,1013.25,0.00,8090,1,34.001164,-81.000931,B91D
777,77700,LANDED,-0.003,-0.008,1.014,1.337,1.066,0.426,1013.25,0.00,8090,1,34.001165,-81.000932,4C20
778,77800,LANDED,-0.007,-0.011,1.007,1.308,1.082,0.451,1013.25,0.00,8089,1,34.001167,-81.000934,EF9F
779,77900,LANDED,-0.006,-0.011,0.983,1.302,1.100,0.483,1013.25,0.00,8089,1,34.001168,-81.000935,0482
780,78000,LANDED,0.002,-0.018,0.996,1.241,1.119,0.436,1013.25,0.00,8088,1,34.001170,-81.000936,73BF
781,78100,LANDED,-0.011,-0.021,1.019,1.190,1.118,0.487,1013.25,0.00,8088,1,34.001171,-81.000937,F909
782,78200,LANDED,-0.003,-0.014,0.976,1.161,1.124,0.536,1013.25,0.00,8088,1,34.001173,-81.000938,83B9
783,78300,LANDED,0.001,-0.009,1.004,1.163,1.127,0.487,1013.25,0.00,8087,1,34.001174,-81.000940,6122
784,78400,LANDED,-0.008,-0.024,1.006,1.079,1.128,0.526,1013.25,0.00,8087,1,34.001176,-81.000941,3FA5
785,78500,LANDED,-0.001,-0.016,1.020,1.099,1.138,0.520,1013.25,0.00,8086,1,34.001177,-81.000942,4092
786,78600,LANDED,0.006,-0.012,1.001,0.989,1.086,0.615,1013.25,0.00,8086,1,34.001179,-81.000943,5620
787,78700,LANDED,-0.004,-0.010,1.007,1.008,1.095,0.624,1013.25,0.00,8086,1,34.001180,-81.000944,3144
788,78800,LANDED,-0.005,-0.023,0.977,0.914,1.080,0.640,1013.25,0.00,8085,1,34.001182,-81.000946,2392
789,78900,LANDED,0.012,-0.009,1.012,0.955,1.134,0.631,1013.25,0.00,8085,1,34.001184,-81.000947,DFCB
790,79000,LANDED,0.001,-0.018,1.022,0.925,1.054,0.654,1013.25,0.00,8084,1,34.001185,-81.000948,7C30
791,79100,LANDED,0.016,-0.012,1.021,0.809,1.038,0.647,1013.25,0.00,8084,1,34.001187,-81.000949,8144
792,79200,LANDED,0.019,-0.013,1.024,0.823,1.068,0.602,1013.25,0.00,8084,1,34.001188,-81.000950,BEC6
793,79300,LANDED,0.003,-0.016,1.012,0.775,1.050,0.640,1013.25,0.00,8083,1,34.001190,-81.000952,7B28
794,79400,LANDED,0.012,-0.008,1.006,0.718,0.992,0.680,1013.25,0.00,8083,1,34.001191,-81.000953,3DAF
795,79500,LANDED,0.013,-0.012,0.985,0.665,1.057,0.727,1013.25,0.00,8082,1,34.001193,-81.000954,823A
796,79600,LANDED,0.019,-0.017,0.997,0.626,0.991,0.708,1013.25,0.00,8082,1,34.001194,-81.000955,2C6A
797,79700,LANDED,0.008,-0.019,0.978,0.513,0.987,0.748,1013.25,0.00,8082,1,34.001196,-81.000956,66A6
798,79800,LANDED,0.018,-0.014,1.016,0.550,0.921,0.667,1013.25,0.00,8081,1,34.001197,-81.000958,0B55
799,79900,LANDED,0.027,-0.020,0.995,0.467,0.940,0.758,1013.25,0.00,8081,1,34.001199,-81.000959,9B4F
800,80000,LANDED,0.021,-0.005,0.986,0.424,0.960,0.716,1013.25,0.00,8080,1,34.001200,-81.000960,E7C2
801,80100,LANDED,0.013,-0.002,1.014,0.311,0.868,0.763,1013.25,0.00,8080,1,34.001202,-81.000961,5367
802,80200,LANDED,0.020,-0.013,0.991,0.336,0.823,0.787,1013.25,0.00,8080,1,34.001203,-81.000962,A084
803,80300,LANDED,0.019,-0.001,0.978,0.241,0.850,0.802,1013.25,0.00,8079,1,34.001205,-81.000964,BFD6
804,80400,LANDED,0.011,-0.000,0.983,0.190,0.803,0.738,1013.25,0.00,8079,1,34.001206,-81.000965,FE8C
805,80500,LANDED,0.027,-0.005,1.002,0.189,0.818,0.815,1013.25,0.00,8078,1,34.001207,-81.000966,C67D
806,80600,LANDED,0.021,-0.006,1.017,0.116,0.772,0.821,1013.25,0.00,8078,1,34.001209,-81.000967,ECC1
807,80700,LANDED,0.023,-0.007,1.000,0.059,0.696,0.792,1013.25,0.00,8078,1,34.001210,-81.000968,669E
808,80800,LANDED,0.020,-0.000,0.976,-0.041,0.700,0.766,1013.25,0.00,8077,1,34.001212,-81.000970,A890
809,80900,LANDED,0.018,-0.007,0.985,-0.056,0.651,0.778,1013.25,0.00,8077,1,34.001213,-81.000971,41BA
810,81000,LANDED,0.019,0.003,0.997,-0.092,0.584,0.740,1013.25,0.00,8076,1,34.001215,-81.000972,05AE
811,81100,LANDED,0.022,0.008,1.014,-0.120,0.545,0.742,1013.25,0.00,8076,1,34.001216,-81.000973,CD2D
812,81200,LANDED,0.016,-0.008,0.977,-0.184,0.530,0.751,1013.25,0.00,8076,1,34.001218,-81.000974,EE2D
813,81300,LANDED,0.010,0.007,1.003,-0.256,0.541,0.761,1013.25,0.00,8075,1,34.001219,-81.000976,55F7
814,81400,LANDED,0.021,0.009,0.987,-0.348,0.486,0.800,1013.25,0.00,8075,1,34.001221,-81.000977,D812
815,81500,LANDED,0.013,0.004,1.017,-0.411,0.432,0.840,1013.25,0.00,8074,1,34.001222,-81.000978,F723
816,81600,LANDED,0.013,0.007,0.982,-0.404,0.405,0.812,1013.25,0.00,8074,1,34.001224,-81.000979,D90F
817,81700,LANDED,0.019,0.004,1.006,-0.478,0.376,0.788,1013.25,0.00,8074,1,34.001225,-81.000980,4FEA
818,81800,LANDED,0.001,-0.001,1.025,-0.544,0.259,0.788,1013.25,0.00,8073,1,34.001227,-81.000982,F2E7
819,81900,LANDED,0.004,0.001,0.993,-0.591,0.260,0.752,1013.25,0.00,8073,1,34.001229,-81.000983,1A2D
820,82000,LANDED,-0.002,0.012,0.977,-0.598,0.221,0.774,1013.25,0.00,8072,1,34.001230,-81.000984,4962
821,82100,LANDED,0.012,0.017,1.006,-0.705,0.168,0.748,1013.25,0.00,8072,1,34.001232,-81.000985,2003
822,82200,LANDED,0.006,0.003,1.001,-0.752,0.083,0.828,1013.25,0.00,8072,1,34.001233,-81.000986,579F
823,82300,LANDED,0.004,0.003,0.979,-0.733,0.068,0.759,1013.25,0.00,8071,1,34.001235,-81.000988,BE7C
824,82400,LANDED,-0.001,0.020,1.024,-0.795,0.010,0.815,1013.25,0.00,8071,1,34.001236,-81.000989,3E07
825,82500,LANDED,-0.007,0.018,1.012,-0.809,-0.023,0.781,1013.25,0.00,8070,1,34.001238,-81.000990,13D7
826,82600,LANDED,-0.004,0.012,0.976,-0.915,-0.047,0.760,1013.25,0.00,8070,1,34.001239,-81.000991,2AF2
827,82700,LANDED,-0.001,0.024,1.006,-0.889,-0.145,0.737,1013.25,0.00,8070,1,34.001241,-81.000992,D315
828,82800,LANDED,0.003,0.025,0.984,-0.985,-0.173,0.801,1013.25,0.00,8069,1,34.001242,-81.000994,533B
829,82900,LANDED,-0.002,0.023,1.008,-0.981,-0.216,0.714,1013.25,0.00,8069,1,34.001244,-81.000995,F171
830,83000,LANDED,-0.015,0.024,1.005,-1.004,-0.205,0.801,1013.25,0.00,8068,1,34.001245,-81.000996,0217
831,83100,LANDED,-0.012,0.015,0.981,-1.072,-0.323,0.701,1013.25,0.00,8068,1,34.001247,-81.000997,9EFF
832,83200,LANDED,-0.013,0.019,1.022,-1.100,-0.334,0.730,1013.25,0.00,8068,1,34.001248,-81.000998,73C5
833,83300,LANDED,-0.006,0.020,1.017,-1.109,-0.371,0.712,1013.25,0.00,8067,1,34.001250,-81.001000,4AB8
834,83400,LANDED,-0.014,0.023,1.018,-1.215,-0.398,0.730,1013.25,0.00,8067,1,34.001251,-81.001001,18E9
835,83500,LANDED,-0.006,0.011,0.985,-1.215,-0.426,0.687,1013.25,0.00,8066,1,34.001252,-81.001002,DCA3
836,83600,LANDED,-0.010,0.010,0.994,-1.287,-0.441,0.711,1013.25,0.00,8066,1,34.001254,-81.001003,2764
837,83700,LANDED,-0.014,0.020,0.980,-1.255,-0.546,0.706,1013.25,0.00,8066,1,34.001255,-81.001004,10CE
838,83800,LANDED,-0.023,0.024,0.998,-1.326,-0.569,0.715,1013.25,0.00,8065,1,34.001257,-81.001006,8A67
839,83900,LANDED,-0.010,0.024,0.997,-1.358,-0.566,0.724,1013.25,0.00,8065,1,34.001258,-81.001007,B824
840,84000,LANDED,-0.014,0.019,0.999,-1.387,-0.626,0.657,1013.25,0.00,8064,1,34.001260,-81.001008,3C85
841,84100,LANDED,-0.011,0.013,1.021,-1.425,-0.645,0.641,1013.25,0.00,8064,1,34.001261,-81.001009,EB3D
842,84200,LANDED,-0.021,0.020,1.010,-1.421,-0.679,0.633,1013.25,0.00,8064,1,34.001263,-81.001010,1BA8
843,84300,LANDED,-0.013,0.018,1.003,-1.429,-0.754,0.681,1013.25,0.00,8063,1,34.001264,-81.001012,9A68
844,84400,LANDED,-0.024,0.012,0.992,-1.458,-0.793,0.635,1013.25,0.00,8063,1,34.001266,-81.001013,AEE1
845,84500,LANDED,-0.025,0.013,1.017,-1.398,-0.803,0.607,1013.25,0.00,8062,1,34.001267,-81.001014,568D
846,84600,LANDED,-0.024,0.017,1.020,-1.488,-0.856,0.609,1013.25,0.00,8062,1,34.001269,-81.001015,CA2D
847,84700,LANDED,-0.012,0.013,1.011,-1.510,-0.876,0.559,1013.25,0.00,8062,1,34.001270,-81.001016,C917
848,84800,LANDED,-0.016,0.008,1.000,-1.445,-0.889,0.585,1013.25,0.00,8061,1,34.001272,-81.001018,7462
849,84900,LANDED,-0.012,0.011,1.018,-1.476,-0.890,0.598,1013.25,0.00,8061,1,34.001274,-81.001019,8517
850,85000,LANDED,-0.015,0.016,1.001,-1.532,-0.908,0.513,1013.25,0.00,8060,1,34.001275,-81.001020,0CAD
851,85100,LANDED,-0.011,0.013,0.985,-1.539,-0.949,0.546,1013.25,0.00,8060,1,34.001277,-81.001021,79CB
852,85200,LANDED,-0.012,0.002,0.989,-1.516,-1.024,0.549,1013.25,0.00,8060,1,34.001278,-81.001022,F010
853,85300,LANDED,-0.021,0.020,1.002,-1.527,-0.995,0.508,1013.25,0.00,8059,1,34.001280,-81.001024,C070
854,85400,LANDED,-0.007,0.015,0.993,-1.459,-1.022,0.524,1013.25,0.00,8059,1,34.001281,-81.001025,CDFA
855,85500,LANDED,-0.016,0.016,0.983,-1.510,-1.009,0.475,1013.25,0.00,8058,1,34.001283,-81.001026,471E
856,85600,LANDED,-0.019,-0.000,0.995,-1.523,-1.026,0.464,1013.25,0.00,8058,1,34.001284,-81.001027,09C1
857,85700,LANDED,-0.018,0.013,1.020,-1.515,-1.026,0.468,1013.25,0.00,8058,1,34.001286,-81.001028,CEB0
858,85800,LANDED,-0.002,0.010,0.984,-1.452,-1.068,0.400,1013.25,0.00,8057,1,34.001287,-81.001030,A9FF
859,85900,LANDED,-0.007,-0.002,0.993,-1.454,-1.040,0.408,1013.25,0.00,8057,1,34.001289,-81.001031,324E
860,86000,LANDED,0.001,-0.001,0.992,-1.447,-1.063,0.410,1013.25,0.00,8056,1,34.001290,-81.001032,7E6F
861,86100,LANDED,-0.013,0.008,1.022,-1.473,-1.052,0.355,1013.25,0.00,8056,1,34.001292,-81.001033,0434
862,86200,LANDED,-0.004,0.008,0.991,-1.396,-1.132,0.303,1013.25,0.00,8056,1,34.001293,-81.001034,EDDC
863,86300,LANDED,-0.002,0.009,0.975,-1.434,-1.055,0.362,1013.25,0.00,8055,1,34.001295,-81.001036,61C4
864,86400,LANDED,-0.004,0.010,0.997,-1.368,-1.107,0.255,1013.25,0.00,8055,1,34.001296,-81.001037,8378
865,86500,LANDED,0.010,-0.001,1.018,-1.358,-1.148,0.237,1013.25,0.00,8054,1,34.001297,-81.001038,BFF3
866,86600,LANDED,0.012,-0.003,0.999,-1.370,-1.096,0.286,1013.25,0.00,8054,1,34.001299,-81.001039,5128
867,86700,LANDED,0.011,-0.010,0.985,-1.302,-1.066,0.277,1013.25,0.00,8054,1,34.001300,-81.001040,AF88
868,86800,LANDED,0.014,-0.011,0.987,-1.298,-1.037,0.221,1013.25,0.00,8053,1,34.001302,-81.001042,4555
869,86900,LANDED,0.003,-0.015,1.011,-1.291,-1.062,0.232,1013.25,0.00,8053,1,34.001303,-81.001043,6780
870,87000,LANDED,0.009,-0.007,0.996,-1.252,-1.021,0.185,1013.25,0.00,8052,1,34.001305,-81.001044,E878
871,87100,LANDED,0.006,-0.001,0.985,-1.221,-1.012,0.153,1013.25,0.00,8052,1,34.001306,-81.001045,DE5A
872,87200,LANDED,0.005,-0.015,0.984,-1.191,-1.082,0.140,1013.25,0.00,8052,1,34.001308,-81.001046,F678
873,87300,LANDED,0.006,-0.016,0.976,-1.179,-1.065,0.165,1013.25,0.00,8051,1,34.001309,-81.001048,6D86
874,87400,LANDED,0.011,-0.018,0.989,-1.072,-1.018,0.152,1013.25,0.00,8051,1,34.001311,-81.001049,069B
875,87500,LANDED,0.008,-0.021,1.001,-1.025,-1.027,0.069,1013.25,0.00,8050,1,34.001312,-81.001050,2F1C
876,87600,LANDED,0.022,-0.007,0.992,-1.024,-0.993,0.106,1013.25,0.00,8050,1,34.001314,-81.001051,1754
877,87700,LANDED,0.018,-0.016,0.992,-1.030,-0.933,0.044,1013.25,0.00,8050,1,34.001315,-81.001052,443B
878,87800,LANDED,0.010,-0.009,1.007,-0.919,-0.925,0.061,1013.25,0.00,8049,1,34.001317,-81.001054,373D
879,87900,LANDED,0.026,-0.009,0.979,-0.927,-0.950,0.060,1013.25,0.00,8049,1,34.001318,-81.001055,7208
880,88000,LANDED,0.016,-0.024,1.008,-0.871,-0.901,-0.040,1013.25,0.00,8048,1,34.001320,-81.001056,2090
881,88100,LANDED,0.023,-0.020,0.989,-0.852,-0.822,-0.004,1013.25,0.00,8048,1,34.001322,-81.001057,BB28
882,88200,LANDED,0.027,-0.019,0.992,-0.810,-0.871,-0.017,1013.25,0.00,8048,1,34.001323,-81.001058,6A15
883,88300,LANDED,0.020,-0.025,0.985,-0.739,-0.842,-0.044,1013.25,0.00,8047,1,34.001325,-81.001060,BA62
884,88400,LANDED,0.027,-0.018,1.001,-0.640,-0.755,-0.048,1013.25,0.00,8047,1,34.001326,-81.001061,26B3
885,88500,LANDED,0.017,-0.013,0.987,-0.599,-0.775,-0.113,1013.25,0.00,8046,1,34.001328,-81.001062,5F0E
886,88600,LANDED,0.012,-0.008,0.999,-0.543,-0.737,-0.151,1013.25,0.00,8046,1,34.001329,-81.001063,4E82
887,88700,LANDED,0.013,-0.016,0.997,-0.518,-0.643,-0.122,1013.25,0.00,8046,1,34.001331,-81.001064,C4B5
888,88800,LANDED,0.011,-0.028,1.012,-0.488,-0.643,-0.125,1013.25,0.00,8045,1,34.001332,-81.001066,6B1E
889,88900,LANDED,0.011,-0.015,0.990,-0.482,-0.590,-0.151,1013.25,0.00,8045,1,34.001334,-81.001067,6B2D
890,89000,LANDED,0.027,-0.016,1.020,-0.355,-0.586,-0.157,1013.25,0.00,8044,1,34.001335,-81.001068,73CF
891,89100,LANDED,0.018,-0.017,1.003,-0.319,-0.474,-0.232,1013.25,0.00,8044,1,34.001337,-81.001069,1664
892,89200,LANDED,0.006,-0.023,0.991,-0.264,-0.498,-0.199,1013.25,0.00,8044,1,34.001338,-81.001070,7C35
893,89300,LANDED,0.011,-0.016,1.014,-0.232,-0.445,-0.255,1013.25,0.00,8043,1,34.001340,-81.001072,3B0C
894,89400,LANDED,0.008,-0.014,0.980,-0.181,-0.353,-0.285,1013.25,0.00,8043,1,34.001341,-81.001073,6874
895,89500,LANDED,0.008,-0.014,1.025,-0.175,-0.312,-0.252,1013.25,0.00,8042,1,34.001342,-81.001074,9F3B
896,89600,LANDED,0.016,-0.017,0.989,-0.045,-0.285,-0.365,1013.25,0.00,8042,1,34.001344,-81.001075,F84A
897,89700,LANDED,0.012,-0.017,1.013,-0.025,-0.292,-0.372,1013.25,0.00,8042,1,34.001345,-81.001076,50E3
898,89800,LANDED,0.009,-0.022,0.977,0.013,-0.190,-0.324,1013.25,0.00,8041,1,34.001347,-81.001078,C663
899,89900,LANDED,0.004,-0.014,0.977,0.083,-0.193,-0.381,1013.25,0.00,8041,1,34.001348,-81.001079,C470
